Date,PX
04/01/2010,1118.3
05/01/2010,1118.7
06/01/2010,1136.5
07/01/2010,1133.7
08/01/2010,1138.9
11/01/2010,1151.4
12/01/2010,1129.4
13/01/2010,1136.8
14/01/2010,1143
15/01/2010,1130.5
19/01/2010,1140
20/01/2010,1112.6
21/01/2010,1103.2
22/01/2010,1089.7
25/01/2010,1095.7
26/01/2010,1098.3
27/01/2010,1084.5
28/01/2010,1083.6
29/01/2010,1083
01/02/2010,1104.3
02/02/2010,1117.4
03/02/2010,1111.4
04/02/2010,1062.4
05/02/2010,1052.2
08/02/2010,1065.7
09/02/2010,1076.7
10/02/2010,1075.8
11/02/2010,1094.2
12/02/2010,1089.5
16/02/2010,1119.3
17/02/2010,1119.5
18/02/2010,1118
19/02/2010,1121.3
22/02/2010,1112.6
23/02/2010,1102.7
24/02/2010,1096.5
25/02/2010,1108.5
26/02/2010,1118.9
01/03/2010,1118.3
02/03/2010,1137.4
03/03/2010,1143.3
04/03/2010,1133.1
05/03/2010,1135.2
08/03/2010,1124
09/03/2010,1122.3
10/03/2010,1108.1
11/03/2010,1108.2
12/03/2010,1101.7
15/03/2010,1105.4
16/03/2010,1122.5
17/03/2010,1124.2
18/03/2010,1127.5
19/03/2010,1107.6
22/03/2010,1099.5
23/03/2010,1103.7
24/03/2010,1088.8
25/03/2010,1092.9
26/03/2010,1104.3
29/03/2010,1110.3
30/03/2010,1104.5
31/03/2010,1113.3
01/04/2010,1125.1
05/04/2010,1132.9
06/04/2010,1135.1
07/04/2010,1152.3
08/04/2010,1152.2
09/04/2010,1161.1
12/04/2010,1161.6
13/04/2010,1152.8
14/04/2010,1159
15/04/2010,1159.7
16/04/2010,1136.3
19/04/2010,1135.2
20/04/2010,1138.6
21/04/2010,1148.2
22/04/2010,1142.3
23/04/2010,1153.1
26/04/2010,1153.5
27/04/2010,1161.7
28/04/2010,1171.3
29/04/2010,1168.8
30/04/2010,1180.7
03/05/2010,1183.3
04/05/2010,1169.2
05/05/2010,1175
06/05/2010,1197.3
07/05/2010,1210.4
10/05/2010,1200.8
11/05/2010,1220.3
12/05/2010,1243.1
13/05/2010,1229.2
14/05/2010,1227.8
17/05/2010,1228.1
18/05/2010,1214.6
19/05/2010,1193.1
20/05/2010,1188.6
21/05/2010,1176.1
24/05/2010,1194
25/05/2010,1198
26/05/2010,1213.4
27/05/2010,1211.9
28/05/2010,1212.2
01/06/2010,1224.8
02/06/2010,1220.6
03/06/2010,1208.3
04/06/2010,1216.2
07/06/2010,1239.3
08/06/2010,1244
09/06/2010,1228.5
10/06/2010,1220.8
11/06/2010,1228.9
14/06/2010,1223.3
15/06/2010,1233.2
16/06/2010,1229.3
17/06/2010,1247.5
18/06/2010,1257.2
21/06/2010,1239.7
22/06/2010,1239.9
23/06/2010,1234.1
24/06/2010,1245.5
25/06/2010,1255.8
28/06/2010,1238.2
29/06/2010,1242.4
30/06/2010,1245.9
01/07/2010,1206.7
02/07/2010,1207.7
06/07/2010,1195.1
07/07/2010,1198.9
08/07/2010,1196.1
09/07/2010,1209.8
12/07/2010,1198.7
13/07/2010,1213.5
14/07/2010,1207
15/07/2010,1208.3
16/07/2010,1188.2
19/07/2010,1181.9
20/07/2010,1191.7
21/07/2010,1191.8
22/07/2010,1195.6
23/07/2010,1187.8
26/07/2010,1183.1
27/07/2010,1158
28/07/2010,1160.4
29/07/2010,1168.4
30/07/2010,1181.7
02/08/2010,1183.4
03/08/2010,1185.2
04/08/2010,1193.7
05/08/2010,1197.2
06/08/2010,1203.4
09/08/2010,1200.7
10/08/2010,1196.2
11/08/2010,1197.5
12/08/2010,1214.8
13/08/2010,1214.9
16/08/2010,1224.5
17/08/2010,1226.6
18/08/2010,1229.7
19/08/2010,1233.8
20/08/2010,1227.2
23/08/2010,1226.9
24/08/2010,1231.8
25/08/2010,1239.5
26/08/2010,1235.4
27/08/2010,1236
30/08/2010,1238
31/08/2010,1249
01/09/2010,1246.8
02/09/2010,1252.1
03/09/2010,1249.8
07/09/2010,1257.9
08/09/2010,1256.1
09/09/2010,1249.4
10/09/2010,1245
13/09/2010,1245.6
14/09/2010,1270.2
15/09/2010,1267.1
16/09/2010,1272.2
17/09/2010,1275.9
20/09/2010,1279.3
21/09/2010,1272.7
22/09/2010,1290.5
23/09/2010,1294.6
24/09/2010,1296.3
27/09/2010,1296.9
28/09/2010,1306.6
29/09/2010,1308.5
30/09/2010,1307.8
01/10/2010,1316.1
04/10/2010,1315.4
05/10/2010,1338.9
06/10/2010,1346.4
07/10/2010,1333.9
08/10/2010,1344.2
11/10/2010,1353.3
12/10/2010,1345.7
13/10/2010,1369.5
14/10/2010,1376.7
15/10/2010,1371.1
18/10/2010,1371.2
19/10/2010,1335.1
20/10/2010,1343.3
21/10/2010,1324.7
22/10/2010,1324.4
25/10/2010,1338.3
26/10/2010,1338
27/10/2010,1322.2
28/10/2010,1342.5
29/10/2010,1357.6
01/11/2010,1350.6
02/11/2010,1356.9
03/11/2010,1337.6
04/11/2010,1383.1
05/11/2010,1397.7
08/11/2010,1403.2
09/11/2010,1410.1
10/11/2010,1399.3
11/11/2010,1403.3
12/11/2010,1365.5
15/11/2010,1368.5
16/11/2010,1338.4
17/11/2010,1336.9
18/11/2010,1353
19/11/2010,1352.3
22/11/2010,1357.8
23/11/2010,1377.6
24/11/2010,1373
26/11/2010,1362.4
29/11/2010,1366
30/11/2010,1385
01/12/2010,1387.3
02/12/2010,1388.5
03/12/2010,1405.4
06/12/2010,1415.3
07/12/2010,1408.3
08/12/2010,1382.5
09/12/2010,1392.1
10/12/2010,1384.3
13/12/2010,1397.3
14/12/2010,1403.6
15/12/2010,1385.5
16/12/2010,1370.4
17/12/2010,1378.6
20/12/2010,1385.5
21/12/2010,1388.2
22/12/2010,1386.8
23/12/2010,1380
27/12/2010,1382.4
28/12/2010,1405.2
29/12/2010,1413.1
30/12/2010,1405.9
31/12/2010,1421.4
03/01/2011,1422.9
04/01/2011,1378.8
05/01/2011,1373.7
06/01/2011,1371.7
07/01/2011,1368.9
10/01/2011,1374.1
11/01/2011,1384.3
12/01/2011,1385.8
13/01/2011,1387
14/01/2011,1360.5
18/01/2011,1368.2
19/01/2011,1370.2
20/01/2011,1346.5
21/01/2011,1341
24/01/2011,1344.5
25/01/2011,1332.3
26/01/2011,1333
27/01/2011,1318.4
28/01/2011,1340.7
31/01/2011,1333.8
01/02/2011,1339.6
02/02/2011,1331.5
03/02/2011,1352.3
04/02/2011,1348.3
07/02/2011,1347.6
08/02/2011,1363.4
09/02/2011,1364.8
10/02/2011,1361.9
11/02/2011,1359.9
14/02/2011,1364.6
15/02/2011,1373.6
16/02/2011,1374.7
17/02/2011,1384.7
18/02/2011,1388.2
22/02/2011,1400.5
23/02/2011,1413.4
24/02/2011,1415.3
25/02/2011,1409.3
28/02/2011,1409.9
01/03/2011,1431.2
02/03/2011,1437.7
03/03/2011,1416.4
04/03/2011,1428.6
07/03/2011,1434.5
08/03/2011,1427.2
09/03/2011,1429.6
10/03/2011,1412.5
11/03/2011,1421.8
14/03/2011,1424.9
15/03/2011,1392.8
16/03/2011,1396.1
17/03/2011,1404.2
18/03/2011,1416.1
21/03/2011,1426.4
22/03/2011,1427.6
23/03/2011,1438
24/03/2011,1434.9
25/03/2011,1426.2
28/03/2011,1419.9
29/03/2011,1416.2
30/03/2011,1423.8
31/03/2011,1438.9
01/04/2011,1428.1
04/04/2011,1432.2
05/04/2011,1451.8
06/04/2011,1457.7
07/04/2011,1458.5
08/04/2011,1473.4
11/04/2011,1467.4
12/04/2011,1452.9
13/04/2011,1454.9
14/04/2011,1471.7
15/04/2011,1485.3
18/04/2011,1492.3
19/04/2011,1494.5
20/04/2011,1498.3
21/04/2011,1503.2
25/04/2011,1508.6
26/04/2011,1503
27/04/2011,1516.7
28/04/2011,1531.2
29/04/2011,1556.4
02/05/2011,1557.1
03/05/2011,1540.4
04/05/2011,1515.3
05/05/2011,1481.4
06/05/2011,1491.6
09/05/2011,1503.2
10/05/2011,1516.9
11/05/2011,1501.4
12/05/2011,1506.8
13/05/2011,1493.6
16/05/2011,1490.6
17/05/2011,1480
18/05/2011,1495.8
19/05/2011,1492.4
20/05/2011,1508.9
23/05/2011,1515.4
24/05/2011,1523.3
25/05/2011,1526.7
26/05/2011,1522.8
27/05/2011,1536.3
31/05/2011,1535.9
01/06/2011,1542.4
02/06/2011,1532
03/06/2011,1541.7
06/06/2011,1546.5
07/06/2011,1543.3
08/06/2011,1538.1
09/06/2011,1542.1
10/06/2011,1528.6
13/06/2011,1515
14/06/2011,1523.8
15/06/2011,1525.6
16/06/2011,1529.3
17/06/2011,1538.6
20/06/2011,1541.5
21/06/2011,1546
22/06/2011,1552.9
23/06/2011,1520.1
24/06/2011,1500.5
27/06/2011,1496
28/06/2011,1499.7
29/06/2011,1510.4
30/06/2011,1502.8
01/07/2011,1482.6
05/07/2011,1512.7
06/07/2011,1529.2
07/07/2011,1530.6
08/07/2011,1541.6
11/07/2011,1549.2
12/07/2011,1562.3
13/07/2011,1585.5
14/07/2011,1589.3
15/07/2011,1590.1
18/07/2011,1602.4
19/07/2011,1601.1
20/07/2011,1596.9
21/07/2011,1587
22/07/2011,1601.5
25/07/2011,1612.2
26/07/2011,1616.8
27/07/2011,1615.1
28/07/2011,1613.4
29/07/2011,1628.3
01/08/2011,1619
02/08/2011,1641.9
03/08/2011,1663.4
04/08/2011,1656.2
05/08/2011,1648.8
08/08/2011,1710.2
09/08/2011,1740
10/08/2011,1781.3
11/08/2011,1748.8
12/08/2011,1740.2
15/08/2011,1755.5
16/08/2011,1782.4
17/08/2011,1791.2
18/08/2011,1818.9
19/08/2011,1848.9
22/08/2011,1888.7
23/08/2011,1858.3
24/08/2011,1754.1
25/08/2011,1759.8
26/08/2011,1794.1
29/08/2011,1788.4
30/08/2011,1827.5
31/08/2011,1829.3
01/09/2011,1826.7
02/09/2011,1874.4
06/09/2011,1870.6
07/09/2011,1814.9
08/09/2011,1855.2
09/09/2011,1857.1
12/09/2011,1810.6
13/09/2011,1827.5
14/09/2011,1824.2
15/09/2011,1779.2
16/09/2011,1812.5
19/09/2011,1776.7
20/09/2011,1806.9
21/09/2011,1805.8
22/09/2011,1739.4
23/09/2011,1637.7
26/09/2011,1592.7
27/09/2011,1650.6
28/09/2011,1616.1
29/09/2011,1615.5
30/09/2011,1620.4
03/10/2011,1656
04/10/2011,1614.7
05/10/2011,1640.3
06/10/2011,1651.9
07/10/2011,1634.5
10/10/2011,1669.6
11/10/2011,1659.7
12/10/2011,1681.3
13/10/2011,1667.3
14/10/2011,1681.8
17/10/2011,1675.5
18/10/2011,1651.7
19/10/2011,1646
20/10/2011,1611.9
21/10/2011,1635.1
24/10/2011,1651.5
25/10/2011,1699.6
26/10/2011,1722.7
27/10/2011,1746.7
28/10/2011,1747.2
31/10/2011,1725.2
01/11/2011,1711.8
02/11/2011,1729.6
03/11/2011,1765.1
04/11/2011,1756.1
07/11/2011,1791.1
08/11/2011,1799.2
09/11/2011,1791.6
10/11/2011,1759.6
11/11/2011,1788.1
14/11/2011,1778.4
15/11/2011,1782.2
16/11/2011,1774.3
17/11/2011,1720.2
18/11/2011,1725.1
21/11/2011,1678.6
22/11/2011,1702.4
23/11/2011,1695.9
25/11/2011,1685.7
28/11/2011,1710.8
29/11/2011,1713.4
30/11/2011,1745.5
01/12/2011,1735.3
02/12/2011,1747
05/12/2011,1730.7
06/12/2011,1727.9
07/12/2011,1740.9
08/12/2011,1709.8
09/12/2011,1712.8
12/12/2011,1664.2
13/12/2011,1659.9
14/12/2011,1584.3
15/12/2011,1574.6
16/12/2011,1595.6
19/12/2011,1594.4
20/12/2011,1615.6
21/12/2011,1611.9
22/12/2011,1608.9
23/12/2011,1604.7
27/12/2011,1594.2
28/12/2011,1562.9
29/12/2011,1540.9
30/12/2011,1566.8
03/01/2012,1600.5
04/01/2012,1612.7
05/01/2012,1620.1
06/01/2012,1616.8
09/01/2012,1608.1
10/01/2012,1631.5
11/01/2012,1639.6
12/01/2012,1647.7
13/01/2012,1630.8
17/01/2012,1655.6
18/01/2012,1659.9
19/01/2012,1654.5
20/01/2012,1664
23/01/2012,1678.3
24/01/2012,1664.5
25/01/2012,1700.1
26/01/2012,1726.7
27/01/2012,1732.2
30/01/2012,1731
31/01/2012,1737.8
01/02/2012,1747.1
02/02/2012,1756.8
03/02/2012,1737.9
06/02/2012,1722.8
07/02/2012,1746.4
08/02/2012,1729.3
09/02/2012,1739
10/02/2012,1723.3
13/02/2012,1723
14/02/2012,1715.9
15/02/2012,1726.3
16/02/2012,1726.8
17/02/2012,1724.5
21/02/2012,1757.1
22/02/2012,1770
23/02/2012,1784.9
24/02/2012,1775.1
27/02/2012,1773.6
28/02/2012,1788.4
29/02/2012,1711.3
01/03/2012,1722.2
02/03/2012,1709.8
05/03/2012,1703.9
06/03/2012,1672.1
07/03/2012,1683.9
08/03/2012,1698.7
09/03/2012,1711.5
12/03/2012,1699.8
13/03/2012,1694.2
14/03/2012,1642.9
15/03/2012,1659.5
16/03/2012,1655.8
19/03/2012,1667.3
20/03/2012,1647
21/03/2012,1650.3
22/03/2012,1642.5
23/03/2012,1662.4
26/03/2012,1685.6
27/03/2012,1684.9
28/03/2012,1657.9
29/03/2012,1652.2
30/03/2012,1669.3
02/04/2012,1677.5
03/04/2012,1670
04/04/2012,1612.3
05/04/2012,1628.5
09/04/2012,1642.5
10/04/2012,1659.5
11/04/2012,1659
12/04/2012,1679.5
13/04/2012,1659.1
16/04/2012,1648.7
17/04/2012,1650.3
18/04/2012,1638.8
19/04/2012,1640.6
20/04/2012,1642.1
23/04/2012,1631.9
24/04/2012,1643
25/04/2012,1641.4
26/04/2012,1659.6
27/04/2012,1664.8
30/04/2012,1664.2
01/05/2012,1662.4
02/05/2012,1654
03/05/2012,1634.8
04/05/2012,1645.2
07/05/2012,1639.1
08/05/2012,1604.5
09/05/2012,1594.2
10/05/2012,1595.5
11/05/2012,1584
14/05/2012,1561
15/05/2012,1557.1
16/05/2012,1536.6
17/05/2012,1574.9
18/05/2012,1591.9
21/05/2012,1588.7
22/05/2012,1576.6
23/05/2012,1548.4
24/05/2012,1557.5
25/05/2012,1568.9
29/05/2012,1548.7
30/05/2012,1563.4
31/05/2012,1562.6
01/06/2012,1620.5
04/06/2012,1612.2
05/06/2012,1615.2
06/06/2012,1632.8
07/06/2012,1586.6
08/06/2012,1590.1
11/06/2012,1595.5
12/06/2012,1612.7
13/06/2012,1618.1
14/06/2012,1618.4
15/06/2012,1627
18/06/2012,1625.7
19/06/2012,1622.2
20/06/2012,1614.8
21/06/2012,1564.5
22/06/2012,1566
25/06/2012,1587.5
26/06/2012,1574
27/06/2012,1577.5
28/06/2012,1550.4
29/06/2012,1604.2
02/07/2012,1597.7
03/07/2012,1621.8
05/07/2012,1609.4
06/07/2012,1578.9
09/07/2012,1589.1
10/07/2012,1579.8
11/07/2012,1575.7
12/07/2012,1565.3
13/07/2012,1592
16/07/2012,1591.6
17/07/2012,1589.5
18/07/2012,1570.8
19/07/2012,1580.4
20/07/2012,1582.8
23/07/2012,1577.4
24/07/2012,1576.2
25/07/2012,1608.1
26/07/2012,1615.1
27/07/2012,1618
30/07/2012,1619.7
31/07/2012,1610.5
01/08/2012,1603.7
02/08/2012,1587.4
03/08/2012,1606
06/08/2012,1612.9
07/08/2012,1609.7
08/08/2012,1612.9
09/08/2012,1617.1
10/08/2012,1619.7
13/08/2012,1609.6
14/08/2012,1599.4
15/08/2012,1603.7
16/08/2012,1616.1
17/08/2012,1616.3
20/08/2012,1620.1
21/08/2012,1639.9
22/08/2012,1637.4
23/08/2012,1669.6
24/08/2012,1669.8
27/08/2012,1672.4
28/08/2012,1666.5
29/08/2012,1659.8
30/08/2012,1654.8
31/08/2012,1685.3
04/09/2012,1693.6
05/09/2012,1691.6
06/09/2012,1703.2
07/09/2012,1738
10/09/2012,1729.2
11/09/2012,1732.3
12/09/2012,1731.1
13/09/2012,1769.5
14/09/2012,1770.1
17/09/2012,1768
18/09/2012,1768.7
19/09/2012,1769.3
20/09/2012,1767.8
21/09/2012,1775.6
24/09/2012,1762.2
25/09/2012,1763.9
26/09/2012,1750.7
27/09/2012,1777.6
28/09/2012,1771.1
01/10/2012,1780.5
02/10/2012,1772.7
03/10/2012,1777.3
04/10/2012,1794.1
05/10/2012,1778.6
08/10/2012,1773.5
09/10/2012,1763
10/10/2012,1763.2
11/10/2012,1768.8
12/10/2012,1758
15/10/2012,1736
16/10/2012,1744.7
17/10/2012,1751.5
18/10/2012,1743.3
19/10/2012,1722.8
22/10/2012,1725.1
23/10/2012,1708.3
24/10/2012,1700.5
25/10/2012,1712
26/10/2012,1710.9
29/10/2012,1707.7
30/10/2012,1712.1
31/10/2012,1719.1
01/11/2012,1715.5
02/11/2012,1675.2
05/11/2012,1683.2
06/11/2012,1715
07/11/2012,1714
08/11/2012,1726
09/11/2012,1730.9
12/11/2012,1730.9
13/11/2012,1724.8
14/11/2012,1730.1
15/11/2012,1713.8
16/11/2012,1714.7
19/11/2012,1734.4
20/11/2012,1723.6
21/11/2012,1728.2
23/11/2012,1751.4
26/11/2012,1749.6
27/11/2012,1742.3
28/11/2012,1716.5
29/11/2012,1727.2
30/11/2012,1710.9
03/12/2012,1719.6
04/12/2012,1694.4
05/12/2012,1692.4
06/12/2012,1700.3
07/12/2012,1704
10/12/2012,1713
11/12/2012,1708.2
12/12/2012,1716.6
13/12/2012,1695.6
14/12/2012,1695.8
17/12/2012,1697
18/12/2012,1669.5
19/12/2012,1666.5
20/12/2012,1644.9
21/12/2012,1659.1
24/12/2012,1658.6
26/12/2012,1659.8
27/12/2012,1662.6
28/12/2012,1655.9
31/12/2012,1675.8
02/01/2013,1688.8
03/01/2013,1674.6
04/01/2013,1648.9
07/01/2013,1646.3
08/01/2013,1662.2
09/01/2013,1655.5
10/01/2013,1678
11/01/2013,1660.6
14/01/2013,1669.4
15/01/2013,1683.9
16/01/2013,1683.2
17/01/2013,1690.8
18/01/2013,1687
22/01/2013,1693.2
23/01/2013,1686.7
24/01/2013,1669.9
25/01/2013,1656.6
28/01/2013,1652.9
29/01/2013,1660.8
30/01/2013,1679.9
31/01/2013,1660.6
01/02/2013,1669.4
04/02/2013,1675.3
05/02/2013,1672.4
06/02/2013,1677.7
07/02/2013,1670.4
08/02/2013,1666
11/02/2013,1648.2
12/02/2013,1648.7
13/02/2013,1644.2
14/02/2013,1634.7
15/02/2013,1608.8
19/02/2013,1603.6
20/02/2013,1577.6
21/02/2013,1578.2
22/02/2013,1572.4
25/02/2013,1586.2
26/02/2013,1615.2
27/02/2013,1595.7
28/02/2013,1578.1
01/03/2013,1572.3
04/03/2013,1572.4
05/03/2013,1574.9
06/03/2013,1574.9
07/03/2013,1575.1
08/03/2013,1576.9
11/03/2013,1578
12/03/2013,1591.7
13/03/2013,1588.4
14/03/2013,1590.7
15/03/2013,1592.6
18/03/2013,1604.6
19/03/2013,1611.3
20/03/2013,1607.5
21/03/2013,1613.8
22/03/2013,1606.1
25/03/2013,1604.5
26/03/2013,1595.7
27/03/2013,1606.2
28/03/2013,1594.8
01/04/2013,1600
02/04/2013,1575.1
03/04/2013,1552.8
04/04/2013,1551.8
05/04/2013,1575.4
08/04/2013,1572
09/04/2013,1586.2
10/04/2013,1558.3
11/04/2013,1564.3
12/04/2013,1501
15/04/2013,1360.6
16/04/2013,1386.8
17/04/2013,1382.2
18/04/2013,1392
19/04/2013,1395.3
22/04/2013,1421
23/04/2013,1408.6
24/04/2013,1423.4
25/04/2013,1461.8
26/04/2013,1453.6
29/04/2013,1467.4
30/04/2013,1472.1
01/05/2013,1446.2
02/05/2013,1467.6
03/05/2013,1464.2
06/05/2013,1468
07/05/2013,1448.8
08/05/2013,1473.7
09/05/2013,1468.6
10/05/2013,1436.6
13/05/2013,1434.3
14/05/2013,1424.5
15/05/2013,1396.2
16/05/2013,1386.9
17/05/2013,1364.7
20/05/2013,1384.1
21/05/2013,1377.6
22/05/2013,1367.4
23/05/2013,1391.8
24/05/2013,1386.6
28/05/2013,1378.9
29/05/2013,1391.3
30/05/2013,1411.5
31/05/2013,1392.6
03/06/2013,1411.7
04/06/2013,1397.1
05/06/2013,1398.4
06/06/2013,1415.7
07/06/2013,1383
10/06/2013,1386.2
11/06/2013,1377
12/06/2013,1391.8
13/06/2013,1377.6
14/06/2013,1387.3
17/06/2013,1382.8
18/06/2013,1366.6
19/06/2013,1373.6
20/06/2013,1285.9
21/06/2013,1291.6
24/06/2013,1276.8
25/06/2013,1274.8
26/06/2013,1229.6
27/06/2013,1211.6
28/06/2013,1223.7
01/07/2013,1255.7
02/07/2013,1243.4
03/07/2013,1251.9
05/07/2013,1212.7
08/07/2013,1234.9
09/07/2013,1245.9
10/07/2013,1247.4
11/07/2013,1279.9
12/07/2013,1277.6
15/07/2013,1283.5
16/07/2013,1290.4
17/07/2013,1277.5
18/07/2013,1284.2
19/07/2013,1292.9
22/07/2013,1336
23/07/2013,1334.7
24/07/2013,1319.5
25/07/2013,1328.8
26/07/2013,1321.5
29/07/2013,1328.4
30/07/2013,1324
31/07/2013,1312.4
01/08/2013,1311
02/08/2013,1310.6
05/08/2013,1302.6
06/08/2013,1283.2
07/08/2013,1286.1
08/08/2013,1310.7
09/08/2013,1312.9
12/08/2013,1334.7
13/08/2013,1321.2
14/08/2013,1334
15/08/2013,1361.6
16/08/2013,1371.7
19/08/2013,1366.2
20/08/2013,1373.1
21/08/2013,1370.6
22/08/2013,1371.2
23/08/2013,1395.7
26/08/2013,1393
27/08/2013,1420.6
28/08/2013,1419
29/08/2013,1412.6
30/08/2013,1395.8
03/09/2013,1411.7
04/09/2013,1389.6
05/09/2013,1372.6
06/09/2013,1386.2
09/09/2013,1386.4
10/09/2013,1363.7
11/09/2013,1363.5
12/09/2013,1330.3
13/09/2013,1308.4
16/09/2013,1317.8
17/09/2013,1309.4
18/09/2013,1307.7
19/09/2013,1369.5
20/09/2013,1332.6
23/09/2013,1327
24/09/2013,1316
25/09/2013,1335.9
26/09/2013,1323.6
27/09/2013,1338.4
30/09/2013,1326.5
01/10/2013,1286
02/10/2013,1320.6
03/10/2013,1317.4
04/10/2013,1309.7
07/10/2013,1324.8
08/10/2013,1324.2
09/10/2013,1306.9
10/10/2013,1296.6
11/10/2013,1268
14/10/2013,1276.4
15/10/2013,1273
16/10/2013,1282
17/10/2013,1322.7
18/10/2013,1314.4
21/10/2013,1315.7
22/10/2013,1342.5
23/10/2013,1333.9
24/10/2013,1350.2
25/10/2013,1352.4
28/10/2013,1352
29/10/2013,1345.2
30/10/2013,1349.3
31/10/2013,1323.7
01/11/2013,1313.2
04/11/2013,1314.7
05/11/2013,1308.1
06/11/2013,1317.8
07/11/2013,1308.5
08/11/2013,1284.6
11/11/2013,1281.1
12/11/2013,1271.2
13/11/2013,1268.4
14/11/2013,1286.3
15/11/2013,1287.4
18/11/2013,1272.3
19/11/2013,1273.5
20/11/2013,1258
21/11/2013,1243.6
22/11/2013,1244.1
25/11/2013,1241.2
26/11/2013,1241.4
27/11/2013,1237.8
29/11/2013,1250.6
02/12/2013,1222.3
03/12/2013,1221.7
04/12/2013,1248.2
05/12/2013,1233.2
06/12/2013,1230.3
09/12/2013,1235.3
10/12/2013,1262.4
11/12/2013,1258.5
12/12/2013,1226
13/12/2013,1235.7
16/12/2013,1245.5
17/12/2013,1231.2
18/12/2013,1236.1
19/12/2013,1195
20/12/2013,1205.1
23/12/2013,1198.4
24/12/2013,1205.1
26/12/2013,1214.1
27/12/2013,1216.1
30/12/2013,1203.8
31/12/2013,1202.3
02/01/2014,1225.2
03/01/2014,1238.6
06/01/2014,1238
07/01/2014,1229.6
08/01/2014,1225.5
09/01/2014,1229.4
10/01/2014,1246.9
13/01/2014,1251.1
14/01/2014,1245.4
15/01/2014,1238.3
16/01/2014,1240.2
17/01/2014,1251.9
21/01/2014,1241.8
22/01/2014,1238.6
23/01/2014,1262.3
24/01/2014,1264.3
27/01/2014,1263.4
28/01/2014,1250.8
29/01/2014,1262.2
30/01/2014,1242.2
31/01/2014,1240.1
03/02/2014,1260.4
04/02/2014,1251.7
05/02/2014,1257.3
06/02/2014,1257.6
07/02/2014,1263.3
10/02/2014,1274.8
11/02/2014,1290.1
12/02/2014,1295.3
13/02/2014,1300.4
14/02/2014,1319
18/02/2014,1324.7
19/02/2014,1320.6
20/02/2014,1317.1
21/02/2014,1323.9
24/02/2014,1338.3
25/02/2014,1343
26/02/2014,1328.2
27/02/2014,1331.8
28/02/2014,1321.6
03/03/2014,1350.3
04/03/2014,1337.9
05/03/2014,1340.3
06/03/2014,1351.8
07/03/2014,1338.2
10/03/2014,1341.5
11/03/2014,1346.7
12/03/2014,1370.5
13/03/2014,1372.4
14/03/2014,1379
17/03/2014,1372.9
18/03/2014,1359
19/03/2014,1341.3
20/03/2014,1330.5
21/03/2014,1336
24/03/2014,1311.2
25/03/2014,1311.4
26/03/2014,1303.4
27/03/2014,1294.7
28/03/2014,1293.8
31/03/2014,1283.4
01/04/2014,1279.6
02/04/2014,1290.5
03/04/2014,1284.4
04/04/2014,1303.2
07/04/2014,1298
08/04/2014,1308.7
09/04/2014,1305.5
10/04/2014,1320.1
11/04/2014,1318.7
14/04/2014,1327.2
15/04/2014,1300
16/04/2014,1303.1
17/04/2014,1293.4
21/04/2014,1288
22/04/2014,1280.6
23/04/2014,1284.2
24/04/2014,1290.5
25/04/2014,1300.7
28/04/2014,1298.9
29/04/2014,1296.3
30/04/2014,1295.9
01/05/2014,1283.4
02/05/2014,1302.9
05/05/2014,1309.3
06/05/2014,1308.6
07/05/2014,1288.9
08/05/2014,1287.7
09/05/2014,1287.6
12/05/2014,1295.8
13/05/2014,1294.8
14/05/2014,1305.9
15/05/2014,1293.6
16/05/2014,1293.4
19/05/2014,1293.8
20/05/2014,1294.6
21/05/2014,1288.1
22/05/2014,1295
23/05/2014,1291.7
27/05/2014,1265.5
28/05/2014,1259.3
29/05/2014,1256.3
30/05/2014,1245.6
02/06/2014,1243.7
03/06/2014,1244.3
04/06/2014,1244
05/06/2014,1253
06/06/2014,1252.1
09/06/2014,1253.5
10/06/2014,1259.8
11/06/2014,1260.8
12/06/2014,1273.6
13/06/2014,1273.7
16/06/2014,1274.9
17/06/2014,1271.7
18/06/2014,1272.4
19/06/2014,1313.7
20/06/2014,1316.2
23/06/2014,1318
24/06/2014,1320.9
25/06/2014,1322.2
26/06/2014,1316.1
27/06/2014,1320
30/06/2014,1322
01/07/2014,1326.6
02/07/2014,1330.9
03/07/2014,1320.6
07/07/2014,1317
08/07/2014,1316.5
09/07/2014,1324.3
10/07/2014,1339.2
11/07/2014,1337.4
14/07/2014,1306.7
15/07/2014,1297.1
16/07/2014,1299.8
17/07/2014,1316.9
18/07/2014,1309.4
21/07/2014,1313.9
22/07/2014,1306.3
23/07/2014,1304.7
24/07/2014,1290.8
25/07/2014,1303.3
28/07/2014,1303.3
29/07/2014,1298.3
30/07/2014,1294.9
31/07/2014,1281.3
01/08/2014,1293.6
04/08/2014,1287.7
05/08/2014,1284
06/08/2014,1306.7
07/08/2014,1310.8
08/08/2014,1308.9
11/08/2014,1308.5
12/08/2014,1308.8
13/08/2014,1312.8
14/08/2014,1313.9
15/08/2014,1304.5
18/08/2014,1297.7
19/08/2014,1295.1
20/08/2014,1293.4
21/08/2014,1273.7
22/08/2014,1278.6
25/08/2014,1277.3
26/08/2014,1283.8
27/08/2014,1281.9
28/08/2014,1289.5
29/08/2014,1286.5
02/09/2014,1264.3
03/09/2014,1269.4
04/09/2014,1265.6
05/09/2014,1266.3
08/09/2014,1253.2
09/09/2014,1247.3
10/09/2014,1244.1
11/09/2014,1237.9
12/09/2014,1230.4
15/09/2014,1234.1
16/09/2014,1235.7
17/09/2014,1234.9
18/09/2014,1225.9
19/09/2014,1215.5
22/09/2014,1216.8
23/09/2014,1221
24/09/2014,1218.6
25/09/2014,1221.2
26/09/2014,1214.1
29/09/2014,1217.5
30/09/2014,1210.5
01/10/2014,1214.6
02/10/2014,1214.2
03/10/2014,1192.2
06/10/2014,1206.7
07/10/2014,1211.7
08/10/2014,1205.3
09/10/2014,1224.6
10/10/2014,1221
13/10/2014,1229.3
14/10/2014,1233.6
15/10/2014,1244.1
16/10/2014,1240.5
17/10/2014,1238.3
20/10/2014,1244
21/10/2014,1251
22/10/2014,1244.8
23/10/2014,1228.5
24/10/2014,1231.2
27/10/2014,1229.1
28/10/2014,1229.2
29/10/2014,1224.3
30/10/2014,1198.6
31/10/2014,1171.6
03/11/2014,1169.8
04/11/2014,1167.7
05/11/2014,1145.7
06/11/2014,1142.6
07/11/2014,1169.8
10/11/2014,1159.8
11/11/2014,1163
12/11/2014,1159.1
13/11/2014,1161.5
14/11/2014,1185.6
17/11/2014,1183.5
18/11/2014,1197.1
19/11/2014,1193.9
20/11/2014,1190.9
21/11/2014,1197.7
24/11/2014,1195.7
25/11/2014,1197.1
26/11/2014,1196.6
28/11/2014,1175.2
01/12/2014,1218
02/12/2014,1199.2
03/12/2014,1208.5
04/12/2014,1207.5
05/12/2014,1190.1
08/12/2014,1194.7
09/12/2014,1231.5
10/12/2014,1228.9
11/12/2014,1225.1
12/12/2014,1222
15/12/2014,1207.2
16/12/2014,1193.9
17/12/2014,1194.3
18/12/2014,1194.7
19/12/2014,1195.9
22/12/2014,1179.7
23/12/2014,1177.9
24/12/2014,1173.5
26/12/2014,1195.3
29/12/2014,1181.7
30/12/2014,1200.4
31/12/2014,1184.1
02/01/2015,1186.2
05/01/2015,1204
06/01/2015,1219.4
07/01/2015,1210.7
08/01/2015,1208.5
09/01/2015,1216.1
12/01/2015,1232.8
13/01/2015,1234.4
14/01/2015,1234.5
15/01/2015,1264.8
16/01/2015,1276.9
20/01/2015,1294.2
21/01/2015,1293.7
22/01/2015,1300.7
23/01/2015,1292.6
26/01/2015,1279.4
27/01/2015,1291.7
28/01/2015,1285.9
29/01/2015,1254.6
30/01/2015,1278.5
02/02/2015,1276.2
03/02/2015,1259.7
04/02/2015,1263.8
05/02/2015,1262
06/02/2015,1233.9
09/02/2015,1240.8
10/02/2015,1231.6
11/02/2015,1219
12/02/2015,1220.1
13/02/2015,1226.5
17/02/2015,1208.1
18/02/2015,1199.7
19/02/2015,1207.1
20/02/2015,1204.4
23/02/2015,1200.3
24/02/2015,1196.9
25/02/2015,1201
26/02/2015,1210.1
27/02/2015,1213.1
02/03/2015,1208.2
03/03/2015,1204.4
04/03/2015,1200.9
05/03/2015,1196.2
06/03/2015,1164.3
09/03/2015,1166.5
10/03/2015,1160.1
11/03/2015,1150.6
12/03/2015,1151.9
13/03/2015,1152.4
16/03/2015,1153.2
17/03/2015,1148.2
18/03/2015,1151.3
19/03/2015,1169
20/03/2015,1184.6
23/03/2015,1187.7
24/03/2015,1191.4
25/03/2015,1197
26/03/2015,1204.8
27/03/2015,1199.8
30/03/2015,1184.8
31/03/2015,1183.1
01/04/2015,1208.1
02/04/2015,1200.9
06/04/2015,1218.6
07/04/2015,1210.6
08/04/2015,1203.1
09/04/2015,1193.6
10/04/2015,1204.6
13/04/2015,1199.3
14/04/2015,1192.8
15/04/2015,1201.5
16/04/2015,1198
17/04/2015,1202.9
20/04/2015,1193.5
21/04/2015,1202.9
22/04/2015,1186.9
23/04/2015,1194.4
24/04/2015,1175.2
27/04/2015,1203.3
28/04/2015,1214
29/04/2015,1210
30/04/2015,1182.4
01/05/2015,1174.5
04/05/2015,1186.8
05/05/2015,1193.2
06/05/2015,1190.3
07/05/2015,1182.2
08/05/2015,1188.9
11/05/2015,1183
12/05/2015,1192.4
13/05/2015,1218.2
14/05/2015,1225.2
15/05/2015,1225.3
18/05/2015,1227.6
19/05/2015,1206.7
20/05/2015,1208.7
21/05/2015,1204.1
22/05/2015,1204
26/05/2015,1186.9
27/05/2015,1185.6
28/05/2015,1188.1
29/05/2015,1189.4
01/06/2015,1188.3
02/06/2015,1194.1
03/06/2015,1184.7
04/06/2015,1174.9
05/06/2015,1167.8
08/06/2015,1173.2
09/06/2015,1177.3
10/06/2015,1186.1
11/06/2015,1179.9
12/06/2015,1178.8
15/06/2015,1185.3
16/06/2015,1180.5
17/06/2015,1176.4
18/06/2015,1201.5
19/06/2015,1201.5
22/06/2015,1183.7
23/06/2015,1176.2
24/06/2015,1172.6
25/06/2015,1171.5
26/06/2015,1172.9
29/06/2015,1179
30/06/2015,1171.8
01/07/2015,1169.3
02/07/2015,1163.5
06/07/2015,1173.2
07/07/2015,1152.6
08/07/2015,1163.5
09/07/2015,1159.2
10/07/2015,1157.9
13/07/2015,1155.4
14/07/2015,1153.5
15/07/2015,1147.4
16/07/2015,1143.9
17/07/2015,1131.9
20/07/2015,1106.8
21/07/2015,1103.5
22/07/2015,1091.5
23/07/2015,1094.1
24/07/2015,1085.5
27/07/2015,1096.4
28/07/2015,1096.2
29/07/2015,1092.6
30/07/2015,1088.4
31/07/2015,1094.9
03/08/2015,1089.4
04/08/2015,1090.7
05/08/2015,1085.7
06/08/2015,1090.2
07/08/2015,1094.1
10/08/2015,1104.2
11/08/2015,1107.6
12/08/2015,1123.2
13/08/2015,1115.7
14/08/2015,1112.9
17/08/2015,1118.6
18/08/2015,1117.1
19/08/2015,1128.1
20/08/2015,1153
21/08/2015,1159.6
24/08/2015,1153.4
25/08/2015,1138.2
26/08/2015,1124.6
27/08/2015,1122.4
28/08/2015,1133.5
31/08/2015,1132
01/09/2015,1139.3
02/09/2015,1133.1
03/09/2015,1124
04/09/2015,1120.9
08/09/2015,1120.7
09/09/2015,1102
10/09/2015,1109.3
11/09/2015,1103.3
14/09/2015,1107.5
15/09/2015,1102.6
16/09/2015,1119
17/09/2015,1117.1
18/09/2015,1138.1
21/09/2015,1133.1
22/09/2015,1125
23/09/2015,1131.6
24/09/2015,1153.8
25/09/2015,1145.7
28/09/2015,1131.7
29/09/2015,1127.1
30/09/2015,1115.5
01/10/2015,1114.2
02/10/2015,1137.1
05/10/2015,1138.1
06/10/2015,1146.8
07/10/2015,1149
08/10/2015,1144.7
09/10/2015,1156.3
12/10/2015,1164.9
13/10/2015,1165.8
14/10/2015,1180.1
15/10/2015,1187.9
16/10/2015,1183.6
19/10/2015,1173.3
20/10/2015,1178
21/10/2015,1167.6
22/10/2015,1166.6
23/10/2015,1163.3
26/10/2015,1167
27/10/2015,1166.8
28/10/2015,1177.1
29/10/2015,1147.3
30/10/2015,1141.4
02/11/2015,1135.9
03/11/2015,1114.1
04/11/2015,1106.2
05/11/2015,1104.2
06/11/2015,1087.7
09/11/2015,1088.1
10/11/2015,1088.5
11/11/2015,1084.9
12/11/2015,1081
13/11/2015,1080.9
16/11/2015,1083.6
17/11/2015,1068.6
18/11/2015,1068.7
19/11/2015,1077.9
20/11/2015,1076.3
23/11/2015,1066.8
24/11/2015,1073.8
25/11/2015,1070
27/11/2015,1056.2
30/11/2015,1065.8
01/12/2015,1063.8
02/12/2015,1054.2
03/12/2015,1061.7
04/12/2015,1084.5
07/12/2015,1076.4
08/12/2015,1076.3
09/12/2015,1077.6
10/12/2015,1073.1
11/12/2015,1076.9
14/12/2015,1064.7
15/12/2015,1062.9
16/12/2015,1078
17/12/2015,1050.8
18/12/2015,1066.2
21/12/2015,1081.9
22/12/2015,1074.8
23/12/2015,1069.4
24/12/2015,1077.2
28/12/2015,1070.5
29/12/2015,1077.5
30/12/2015,1059.8
31/12/2015,1060.2
04/01/2016,1075.2
05/01/2016,1078.4
06/01/2016,1091.9
07/01/2016,1107.8
08/01/2016,1097.9
11/01/2016,1096.2
12/01/2016,1085.2
13/01/2016,1087.1
14/01/2016,1073.6
15/01/2016,1090.7
19/01/2016,1089.1
20/01/2016,1106.2
21/01/2016,1098.2
22/01/2016,1096.3
25/01/2016,1105.3
26/01/2016,1120.2
27/01/2016,1115.8
28/01/2016,1115.6
29/01/2016,1116.4
01/02/2016,1127.9
02/02/2016,1127.3
03/02/2016,1141.3
04/02/2016,1157.6
05/02/2016,1157.8
08/02/2016,1197.9
09/02/2016,1198.7
10/02/2016,1194.7
11/02/2016,1247.9
12/02/2016,1239.1
16/02/2016,1207.9
17/02/2016,1211.1
18/02/2016,1226.1
19/02/2016,1230.4
22/02/2016,1209.5
23/02/2016,1222.3
24/02/2016,1238.7
25/02/2016,1238.2
26/02/2016,1220.4
29/02/2016,1234.4
01/03/2016,1230.8
02/03/2016,1241.8
03/03/2016,1258.2
04/03/2016,1270.7
07/03/2016,1264
08/03/2016,1262.9
09/03/2016,1257.4
10/03/2016,1272.8
11/03/2016,1259.4
14/03/2016,1245.1
15/03/2016,1231
16/03/2016,1229.8
17/03/2016,1265
18/03/2016,1254.3
21/03/2016,1244.2
22/03/2016,1248.6
23/03/2016,1224
24/03/2016,1221.6
28/03/2016,1220.1
29/03/2016,1235.8
30/03/2016,1226.9
31/03/2016,1234.2
01/04/2016,1222.2
04/04/2016,1218
05/04/2016,1228.4
06/04/2016,1222.5
07/04/2016,1236.2
08/04/2016,1242.5
11/04/2016,1256.7
12/04/2016,1259.4
13/04/2016,1246.8
14/04/2016,1225
15/04/2016,1233.1
18/04/2016,1233.6
19/04/2016,1253
20/04/2016,1253.2
21/04/2016,1249
22/04/2016,1228.7
25/04/2016,1238.9
26/04/2016,1242.2
27/04/2016,1249.2
28/04/2016,1266.4
29/04/2016,1290.5
02/05/2016,1295.8
03/05/2016,1291.8
04/05/2016,1274.4
05/05/2016,1272.3
06/05/2016,1294
09/05/2016,1266.6
10/05/2016,1264.8
11/05/2016,1275.5
12/05/2016,1271.2
13/05/2016,1272.7
16/05/2016,1274.2
17/05/2016,1276.9
18/05/2016,1274.4
19/05/2016,1254.8
20/05/2016,1252.9
23/05/2016,1251.5
24/05/2016,1229.2
25/05/2016,1223.8
26/05/2016,1220.4
27/05/2016,1213.8
31/05/2016,1214.8
01/06/2016,1211.9
02/06/2016,1209.8
03/06/2016,1240.1
06/06/2016,1244.6
07/06/2016,1244.4
08/06/2016,1259.8
09/06/2016,1270.2
10/06/2016,1273.4
13/06/2016,1284.4
14/06/2016,1285.6
15/06/2016,1285.8
16/06/2016,1296.1
17/06/2016,1292.5
20/06/2016,1290
21/06/2016,1270.5
22/06/2016,1268
23/06/2016,1261.2
24/06/2016,1320
27/06/2016,1322.5
28/06/2016,1315.3
29/06/2016,1326.9
30/06/2016,1320.6
01/07/2016,1339
05/07/2016,1358.7
06/07/2016,1367.1
07/07/2016,1362.1
08/07/2016,1358.4
11/07/2016,1356.6
12/07/2016,1335.3
13/07/2016,1343.6
14/07/2016,1332.2
15/07/2016,1327.4
18/07/2016,1329.3
19/07/2016,1332.3
20/07/2016,1319.3
21/07/2016,1331
22/07/2016,1323.4
25/07/2016,1319.5
26/07/2016,1320.8
27/07/2016,1326.7
28/07/2016,1332.3
29/07/2016,1349
01/08/2016,1351.4
02/08/2016,1364.4
03/08/2016,1356.1
04/08/2016,1358.8
05/08/2016,1336.4
08/08/2016,1333.4
09/08/2016,1339
10/08/2016,1344.3
11/08/2016,1342.5
12/08/2016,1335.8
15/08/2016,1340.3
16/08/2016,1350.5
17/08/2016,1342.7
18/08/2016,1351.2
19/08/2016,1340.4
22/08/2016,1337.7
23/08/2016,1340.6
24/08/2016,1324.4
25/08/2016,1320.1
26/08/2016,1321.5
29/08/2016,1322.9
30/08/2016,1313
31/08/2016,1307.9
01/09/2016,1313.6
02/09/2016,1323.2
06/09/2016,1350.4
07/09/2016,1345.3
08/09/2016,1337.8
09/09/2016,1330.7
12/09/2016,1321.6
13/09/2016,1319.6
14/09/2016,1322
15/09/2016,1314
16/09/2016,1306.2
19/09/2016,1313.8
20/09/2016,1314
21/09/2016,1327.2
22/09/2016,1340.7
23/09/2016,1337.5
26/09/2016,1339.8
27/09/2016,1326
28/09/2016,1319.4
29/09/2016,1321.7
30/09/2016,1313.3
03/10/2016,1309
04/10/2016,1266.3
05/10/2016,1265.2
06/10/2016,1249.8
07/10/2016,1248.9
10/10/2016,1257.5
11/10/2016,1253
12/10/2016,1251.1
13/10/2016,1255
14/10/2016,1253.1
17/10/2016,1254.4
18/10/2016,1260.8
19/10/2016,1267.9
20/10/2016,1265.6
21/10/2016,1265.9
24/10/2016,1262
25/10/2016,1271.9
26/10/2016,1264.8
27/10/2016,1267.9
28/10/2016,1276.8
31/10/2016,1273.1
01/11/2016,1288
02/11/2016,1308.2
03/11/2016,1303.3
04/11/2016,1304.5
07/11/2016,1279.4
08/11/2016,1274.5
09/11/2016,1273.5
10/11/2016,1266.4
11/11/2016,1224.3
14/11/2016,1221.7
15/11/2016,1224.5
16/11/2016,1223.9
17/11/2016,1216.9
18/11/2016,1208.7
21/11/2016,1209.8
22/11/2016,1211.2
23/11/2016,1189.3
25/11/2016,1178.4
28/11/2016,1190.8
29/11/2016,1187.9
30/11/2016,1170.8
01/12/2016,1166.9
02/12/2016,1175.1
05/12/2016,1174
06/12/2016,1167.6
07/12/2016,1175
08/12/2016,1169.8
09/12/2016,1159.4
12/12/2016,1163.5
13/12/2016,1156.7
14/12/2016,1161.3
15/12/2016,1127.8
16/12/2016,1135.3
19/12/2016,1140.5
20/12/2016,1131.5
21/12/2016,1131.1
22/12/2016,1128.8
23/12/2016,1131.9
27/12/2016,1137.3
28/12/2016,1139.4
29/12/2016,1158.1
30/12/2016,1151.7
03/01/2017,1162
04/01/2017,1165.3
05/01/2017,1181.3
06/01/2017,1173.4
09/01/2017,1184.9
10/01/2017,1185.5
11/01/2017,1196.6
12/01/2017,1199.8
13/01/2017,1196.2
17/01/2017,1212.9
18/01/2017,1212.1
19/01/2017,1201.5
20/01/2017,1204.9
23/01/2017,1215.6
24/01/2017,1210.8
25/01/2017,1197.8
26/01/2017,1189.8
27/01/2017,1188.4
30/01/2017,1193.2
31/01/2017,1208.6
01/02/2017,1205.6
02/02/2017,1216.7
03/02/2017,1218.5
06/02/2017,1230
07/02/2017,1234.2
08/02/2017,1237.6
09/02/2017,1235.1
10/02/2017,1234.4
13/02/2017,1224.4
14/02/2017,1223.9
15/02/2017,1231.7
16/02/2017,1240
17/02/2017,1237.6
21/02/2017,1237.5
22/02/2017,1232
23/02/2017,1250.2
24/02/2017,1256.9
27/02/2017,1258.8
28/02/2017,1253.9
01/03/2017,1250
02/03/2017,1232.9
03/03/2017,1226.5
06/03/2017,1225.5
07/03/2017,1216.1
08/03/2017,1209.4
09/03/2017,1203.2
10/03/2017,1201.4
13/03/2017,1203.1
14/03/2017,1202.6
15/03/2017,1200.7
16/03/2017,1227.1
17/03/2017,1230.2
20/03/2017,1234
21/03/2017,1246.5
22/03/2017,1249.7
23/03/2017,1247.2
24/03/2017,1248.5
27/03/2017,1255.7
28/03/2017,1255.6
29/03/2017,1253.7
30/03/2017,1245
31/03/2017,1247.3
03/04/2017,1250.8
04/04/2017,1255
05/04/2017,1245.4
06/04/2017,1250.3
07/04/2017,1254.3
10/04/2017,1251.1
11/04/2017,1271.2
12/04/2017,1275.3
13/04/2017,1285.9
17/04/2017,1289.4
18/04/2017,1291.7
19/04/2017,1281.4
20/04/2017,1281.9
21/04/2017,1287.4
24/04/2017,1275.8
25/04/2017,1265.6
26/04/2017,1262.1
27/04/2017,1265.9
28/04/2017,1268.3
01/05/2017,1255.5
02/05/2017,1257
03/05/2017,1248.5
04/05/2017,1228.6
05/05/2017,1226.9
08/05/2017,1227.1
09/05/2017,1216.1
10/05/2017,1218.9
11/05/2017,1224.2
12/05/2017,1227.7
15/05/2017,1230
16/05/2017,1236.4
17/05/2017,1258.7
18/05/2017,1252.8
19/05/2017,1253.6
22/05/2017,1261.4
23/05/2017,1255.5
24/05/2017,1253.1
25/05/2017,1256.4
26/05/2017,1268.1
30/05/2017,1262.1
31/05/2017,1272
01/06/2017,1267
02/06/2017,1276.8
05/06/2017,1279.3
06/06/2017,1294.4
07/06/2017,1290.1
08/06/2017,1276.3
09/06/2017,1268.5
12/06/2017,1266.1
13/06/2017,1265.8
14/06/2017,1272.8
15/06/2017,1252.2
16/06/2017,1254
19/06/2017,1244.2
20/06/2017,1241
21/06/2017,1243.4
22/06/2017,1247.6
23/06/2017,1256.2
26/06/2017,1246.3
27/06/2017,1246.4
28/06/2017,1248
29/06/2017,1245.8
30/06/2017,1242.3
03/07/2017,1219.2
05/07/2017,1221.7
06/07/2017,1223.3
07/07/2017,1209.7
10/07/2017,1213.2
11/07/2017,1214.7
12/07/2017,1219.1
13/07/2017,1217.3
14/07/2017,1227.5
17/07/2017,1233.7
18/07/2017,1241.9
19/07/2017,1242
20/07/2017,1245.5
21/07/2017,1254.9
24/07/2017,1254.3
25/07/2017,1252.1
26/07/2017,1249.4
27/07/2017,1260
28/07/2017,1268.4
31/07/2017,1266.6
01/08/2017,1272.6
02/08/2017,1271.8
03/08/2017,1267.8
04/08/2017,1258.3
07/08/2017,1258.2
08/08/2017,1256.4
09/08/2017,1273
10/08/2017,1283.7
11/08/2017,1287.7
14/08/2017,1284.2
15/08/2017,1273.7
16/08/2017,1276.9
17/08/2017,1286.4
18/08/2017,1285.7
21/08/2017,1290.8
22/08/2017,1285.1
23/08/2017,1288.9
24/08/2017,1286.5
25/08/2017,1292.5
28/08/2017,1309.7
29/08/2017,1313.1
30/08/2017,1310.4
31/08/2017,1318.5
01/09/2017,1326.6
05/09/2017,1340.6
06/09/2017,1335.2
07/09/2017,1346.5
08/09/2017,1347.3
11/09/2017,1331.8
12/09/2017,1328.8
13/09/2017,1324.2
14/09/2017,1325.4
15/09/2017,1321.3
18/09/2017,1306.9
19/09/2017,1306.7
20/09/2017,1312.5
21/09/2017,1290.6
22/09/2017,1293.3
25/09/2017,1307.1
26/09/2017,1297.7
27/09/2017,1284.1
28/09/2017,1285.5
29/09/2017,1281.5
02/10/2017,1272.7
03/10/2017,1271.5
04/10/2017,1273.7
05/10/2017,1269.9
06/10/2017,1271.6
09/10/2017,1281.8
10/10/2017,1290.6
11/10/2017,1285.8
12/10/2017,1293.3
13/10/2017,1301.5
16/10/2017,1299.9
17/10/2017,1283
18/10/2017,1279.9
19/10/2017,1286.9
20/10/2017,1277.4
23/10/2017,1277.7
24/10/2017,1275
25/10/2017,1275.4
26/10/2017,1266.3
27/10/2017,1268.5
30/10/2017,1277.7
31/10/2017,1270.5
01/11/2017,1277.3
02/11/2017,1278.1
03/11/2017,1269.2
06/11/2017,1281.6
07/11/2017,1275.8
08/11/2017,1283.7
09/11/2017,1287.5
10/11/2017,1274.2
13/11/2017,1278.9
14/11/2017,1282.9
15/11/2017,1277.7
16/11/2017,1278.2
17/11/2017,1296.5
20/11/2017,1275.3
21/11/2017,1281.7
22/11/2017,1292.2
24/11/2017,1287.3
27/11/2017,1294.4
28/11/2017,1294.9
29/11/2017,1282.1
30/11/2017,1273.2
01/12/2017,1278.8
04/12/2017,1274.3
05/12/2017,1261.6
06/12/2017,1262.8
07/12/2017,1249.8
08/12/2017,1245.2
11/12/2017,1243.7
12/12/2017,1238.5
13/12/2017,1245.4
14/12/2017,1253.8
15/12/2017,1254.3
18/12/2017,1262.2
19/12/2017,1260.7
20/12/2017,1266.1
21/12/2017,1267.3
22/12/2017,1275.4
26/12/2017,1284.1
27/12/2017,1287
28/12/2017,1297.2
29/12/2017,1309.3
02/01/2018,1316.1
03/01/2018,1318.5
04/01/2018,1321.6
05/01/2018,1322.3
08/01/2018,1320.4
09/01/2018,1313.7
10/01/2018,1319.3
11/01/2018,1322.5
12/01/2018,1334.9
16/01/2018,1337.1
17/01/2018,1339.2
18/01/2018,1327.2
19/01/2018,1333.1
22/01/2018,1331.9
23/01/2018,1336.7
24/01/2018,1356.3
25/01/2018,1362.9
26/01/2018,1352.1
29/01/2018,1340.3
30/01/2018,1335.4
31/01/2018,1339
01/02/2018,1344.3
02/02/2018,1333.7
05/02/2018,1333
06/02/2018,1326.1
07/02/2018,1311.6
08/02/2018,1316.9
09/02/2018,1313.1
12/02/2018,1324.2
13/02/2018,1328.1
14/02/2018,1355.5
15/02/2018,1352.1
16/02/2018,1353.2
20/02/2018,1328.8
21/02/2018,1330
22/02/2018,1330.6
23/02/2018,1328.2
26/02/2018,1330.7
27/02/2018,1318.6
28/02/2018,1317.9
01/03/2018,1305.2
02/03/2018,1323.4
05/03/2018,1319.9
06/03/2018,1335.2
07/03/2018,1327.6
08/03/2018,1321.7
09/03/2018,1324
12/03/2018,1320.8
13/03/2018,1327.1
14/03/2018,1325.6
15/03/2018,1317.8
16/03/2018,1312.3
19/03/2018,1317.8
20/03/2018,1311.9
21/03/2018,1321.5
22/03/2018,1327.4
23/03/2018,1349.9
26/03/2018,1355
27/03/2018,1342
28/03/2018,1324.2
29/03/2018,1322.8
02/04/2018,1342.1
03/04/2018,1332.8
04/04/2018,1335.8
05/04/2018,1324.3
06/04/2018,1331.9
09/04/2018,1336.3
10/04/2018,1342
11/04/2018,1356.5
12/04/2018,1338.4
13/04/2018,1344.8
16/04/2018,1347.5
17/04/2018,1347.2
18/04/2018,1351.2
19/04/2018,1346.8
20/04/2018,1336.7
23/04/2018,1322.5
24/04/2018,1331.4
25/04/2018,1321.2
26/04/2018,1316.3
27/04/2018,1323.4
30/04/2018,1319.2
01/05/2018,1306.8
02/05/2018,1305.6
03/05/2018,1312.7
04/05/2018,1314.7
07/05/2018,1314.1
08/05/2018,1313.7
09/05/2018,1313
10/05/2018,1322.3
11/05/2018,1320.7
14/05/2018,1318.2
15/05/2018,1290.3
16/05/2018,1291.5
17/05/2018,1289.4
18/05/2018,1291.3
21/05/2018,1290.9
22/05/2018,1292
23/05/2018,1289.6
24/05/2018,1304.4
25/05/2018,1303.7
29/05/2018,1299
30/05/2018,1301.5
31/05/2018,1300.1
01/06/2018,1294.8
04/06/2018,1293.1
05/06/2018,1297.5
06/06/2018,1297.1
07/06/2018,1298.7
08/06/2018,1298.1
11/06/2018,1298.9
12/06/2018,1295.1
13/06/2018,1296.9
14/06/2018,1304
15/06/2018,1274.6
18/06/2018,1276.2
19/06/2018,1275.6
20/06/2018,1271.2
21/06/2018,1267.2
22/06/2018,1267.4
25/06/2018,1265.6
26/06/2018,1256.6
27/06/2018,1252.8
28/06/2018,1251
29/06/2018,1254.5
02/07/2018,1241.7
03/07/2018,1253.5
05/07/2018,1258.8
06/07/2018,1255.8
09/07/2018,1259.6
10/07/2018,1255.4
11/07/2018,1244.4
12/07/2018,1246.6
13/07/2018,1241.2
16/07/2018,1239.7
17/07/2018,1227.3
18/07/2018,1227.9
19/07/2018,1224
20/07/2018,1231.1
23/07/2018,1225.6
24/07/2018,1225.5
25/07/2018,1231.8
26/07/2018,1225.7
27/07/2018,1223
30/07/2018,1221.3
31/07/2018,1223.7
01/08/2018,1217.9
02/08/2018,1210.6
03/08/2018,1214.2
06/08/2018,1208.6
07/08/2018,1209.6
08/08/2018,1212.6
09/08/2018,1211.9
10/08/2018,1211.1
13/08/2018,1191.3
14/08/2018,1193
15/08/2018,1177.5
16/08/2018,1176.2
17/08/2018,1176.5
20/08/2018,1186.8
21/08/2018,1192.6
22/08/2018,1196.3
23/08/2018,1187
24/08/2018,1206.3
27/08/2018,1209
28/08/2018,1207.4
29/08/2018,1204.5
30/08/2018,1200
31/08/2018,1201.6
04/09/2018,1194
05/09/2018,1196.1
06/09/2018,1199
07/09/2018,1195.1
10/09/2018,1194.5
11/09/2018,1196.8
12/09/2018,1205.5
13/09/2018,1202.8
14/09/2018,1196.2
17/09/2018,1201.2
18/09/2018,1198.5
19/09/2018,1203.9
20/09/2018,1206.6
21/09/2018,1196.6
24/09/2018,1199.6
25/09/2018,1199.7
26/09/2018,1194.4
27/09/2018,1182.3
28/09/2018,1191.5
01/10/2018,1187.1
02/10/2018,1202.4
03/10/2018,1198.3
04/10/2018,1197.2
05/10/2018,1201.2
08/10/2018,1184.4
09/10/2018,1187.2
10/10/2018,1189.3
11/10/2018,1223.5
12/10/2018,1218.1
15/10/2018,1226.4
16/10/2018,1227.3
17/10/2018,1223.7
18/10/2018,1226.5
19/10/2018,1225.3
22/10/2018,1221.2
23/10/2018,1233.4
24/10/2018,1227.8
25/10/2018,1229.1
26/10/2018,1232.5
29/10/2018,1224.5
30/10/2018,1225.3
31/10/2018,1215
01/11/2018,1238.6
02/11/2018,1233.3
05/11/2018,1232.3
06/11/2018,1226.3
07/11/2018,1228.7
08/11/2018,1225.1
09/11/2018,1208.6
12/11/2018,1203.5
13/11/2018,1201.4
14/11/2018,1210.1
15/11/2018,1215
16/11/2018,1223
19/11/2018,1225.3
20/11/2018,1221.2
21/11/2018,1228
23/11/2018,1223.2
26/11/2018,1222.4
27/11/2018,1213.4
28/11/2018,1223.6
29/11/2018,1224.1
30/11/2018,1220.2
03/12/2018,1233.9
04/12/2018,1241.1
05/12/2018,1237.1
06/12/2018,1238.1
07/12/2018,1246.8
10/12/2018,1243.7
11/12/2018,1241.9
12/12/2018,1244.4
13/12/2018,1242.7
14/12/2018,1237
17/12/2018,1247.4
18/12/2018,1249.2
19/12/2018,1252.1
20/12/2018,1263.6
21/12/2018,1253.8
24/12/2018,1267.5
26/12/2018,1269.2
27/12/2018,1277.3
28/12/2018,1283
31/12/2018,1281.3
02/01/2019,1284.1
03/01/2019,1294.8
04/01/2019,1285.8
07/01/2019,1289.9
08/01/2019,1285.9
09/01/2019,1292
10/01/2019,1287.4
11/01/2019,1289.5
14/01/2019,1291.3
15/01/2019,1288.4
16/01/2019,1293.8
17/01/2019,1292.3
18/01/2019,1282.6
22/01/2019,1283.4
23/01/2019,1284
24/01/2019,1279.8
25/01/2019,1298.1
28/01/2019,1303.1
29/01/2019,1308.9
30/01/2019,1309.9
31/01/2019,1319.7
01/02/2019,1316.9
04/02/2019,1314.3
05/02/2019,1314.2
06/02/2019,1309.5
07/02/2019,1309.4
08/02/2019,1313.7
11/02/2019,1307
12/02/2019,1309.2
13/02/2019,1310.8
14/02/2019,1309.8
15/02/2019,1318.1
19/02/2019,1340.1
20/02/2019,1343.3
21/02/2019,1323.5
22/02/2019,1329.2
25/02/2019,1325.9
26/02/2019,1325.1
27/02/2019,1321.2
28/02/2019,1316.1
01/03/2019,1299.2
04/03/2019,1287.5
05/03/2019,1284.7
06/03/2019,1287.6
07/03/2019,1286.1
08/03/2019,1299.3
11/03/2019,1291.1
12/03/2019,1298.1
13/03/2019,1309.3
14/03/2019,1295.1
15/03/2019,1302.9
18/03/2019,1301.5
19/03/2019,1306.5
20/03/2019,1301.7
21/03/2019,1307.3
22/03/2019,1312.3
25/03/2019,1322.6
26/03/2019,1315
27/03/2019,1310.4
28/03/2019,1289.8
29/03/2019,1293
01/04/2019,1288.4
02/04/2019,1290
03/04/2019,1289.9
04/04/2019,1289
05/04/2019,1290.4
08/04/2019,1297.1
09/04/2019,1303.5
10/04/2019,1309.1
11/04/2019,1288.6
12/04/2019,1290.6
15/04/2019,1286.8
16/04/2019,1272.6
17/04/2019,1272.2
18/04/2019,1271.9
22/04/2019,1273.5
23/04/2019,1269.3
24/04/2019,1275.5
25/04/2019,1275.8
26/04/2019,1284.9
29/04/2019,1281.5
30/04/2019,1285.7
01/05/2019,1284.2
02/05/2019,1272
03/05/2019,1281.3
06/05/2019,1283.8
07/05/2019,1285.6
08/05/2019,1281.4
09/05/2019,1285.2
10/05/2019,1287.4
13/05/2019,1301.8
14/05/2019,1296.3
15/05/2019,1297.8
16/05/2019,1286.2
17/05/2019,1275.7
20/05/2019,1277.3
21/05/2019,1273.2
22/05/2019,1274.2
23/05/2019,1285.4
24/05/2019,1283.6
28/05/2019,1277.1
29/05/2019,1281
30/05/2019,1287.1
31/05/2019,1305.8
03/06/2019,1322.7
04/06/2019,1323.4
05/06/2019,1328.3
06/06/2019,1337.6
07/06/2019,1341.2
10/06/2019,1324.7
11/06/2019,1326.4
12/06/2019,1331.9
13/06/2019,1339.2
14/06/2019,1340.1
17/06/2019,1338.7
18/06/2019,1346.6
19/06/2019,1344.6
20/06/2019,1392.9
21/06/2019,1396.2
24/06/2019,1414.3
25/06/2019,1414.9
26/06/2019,1411.6
27/06/2019,1412
28/06/2019,1413.7
01/07/2019,1389.3
02/07/2019,1408
03/07/2019,1420.9
05/07/2019,1400.1
08/07/2019,1400
09/07/2019,1400.5
10/07/2019,1412.5
11/07/2019,1406.7
12/07/2019,1412.2
15/07/2019,1413.5
16/07/2019,1411.2
17/07/2019,1423.3
18/07/2019,1428.1
19/07/2019,1426.7
22/07/2019,1426.9
23/07/2019,1421.7
24/07/2019,1423.6
25/07/2019,1414.7
26/07/2019,1419.3
29/07/2019,1420.4
30/07/2019,1429.7
31/07/2019,1426.1
01/08/2019,1420.9
02/08/2019,1445.6
05/08/2019,1464.6
06/08/2019,1472.4
07/08/2019,1507.3
08/08/2019,1497.7
09/08/2019,1496.6
12/08/2019,1505.3
13/08/2019,1502.2
14/08/2019,1515.9
15/08/2019,1519.6
16/08/2019,1512.5
19/08/2019,1500.4
20/08/2019,1504.6
21/08/2019,1504.6
22/08/2019,1497.3
23/08/2019,1526.6
26/08/2019,1526.3
27/08/2019,1541
28/08/2019,1537.8
29/08/2019,1530.5
30/08/2019,1523
03/09/2019,1549.6
04/09/2019,1554
05/09/2019,1519
06/09/2019,1509
09/09/2019,1504.5
10/09/2019,1492.7
11/09/2019,1496.6
12/09/2019,1500.8
13/09/2019,1492.9
16/09/2019,1504.8
17/09/2019,1506.9
18/09/2019,1509.1
19/09/2019,1499.5
20/09/2019,1508
23/09/2019,1524
24/09/2019,1532.6
25/09/2019,1505.1
26/09/2019,1507.9
27/09/2019,1499.1
30/09/2019,1465.7
01/10/2019,1482
02/10/2019,1501
03/10/2019,1507.1
04/10/2019,1506.2
07/10/2019,1497.7
08/10/2019,1497.2
09/10/2019,1506.1
10/10/2019,1494.8
11/10/2019,1482.7
14/10/2019,1491.7
15/10/2019,1477.6
16/10/2019,1488
17/10/2019,1492.3
18/10/2019,1488.2
21/10/2019,1482.4
22/10/2019,1481.7
23/10/2019,1489.9
24/10/2019,1498.9
25/10/2019,1499.5
28/10/2019,1490
29/10/2019,1487
30/10/2019,1496.7
31/10/2019,1514.8
01/11/2019,1511.4
04/11/2019,1511.1
05/11/2019,1483.7
06/11/2019,1493.1
07/11/2019,1466.4
08/11/2019,1462.9
11/11/2019,1457.1
12/11/2019,1453.7
13/11/2019,1463.3
14/11/2019,1473.4
15/11/2019,1468.5
18/11/2019,1471.9
19/11/2019,1474.3
20/11/2019,1474.2
21/11/2019,1463.6
22/11/2019,1463.6
25/11/2019,1456.9
26/11/2019,1460.3
27/11/2019,1453.4
29/11/2019,1465.6
02/12/2019,1462.3
03/12/2019,1478.2
04/12/2019,1474
05/12/2019,1476.9
06/12/2019,1459.1
09/12/2019,1459.3
10/12/2019,1462.6
11/12/2019,1469.4
12/12/2019,1466.7
13/12/2019,1475.6
16/12/2019,1475
17/12/2019,1474.6
18/12/2019,1472.6
19/12/2019,1478.2
20/12/2019,1474.7
23/12/2019,1482.5
24/12/2019,1499.1
26/12/2019,1509.3
27/12/2019,1513.8
30/12/2019,1518.6
31/12/2019,1523.1
02/01/2020,1528.1
03/01/2020,1552.4
06/01/2020,1568.8
07/01/2020,1574.3
08/01/2020,1560.2
09/01/2020,1554.3
10/01/2020,1560.1
13/01/2020,1550.6
14/01/2020,1544.6
15/01/2020,1554
16/01/2020,1550.5
17/01/2020,1560.3
21/01/2020,1557.9
22/01/2020,1556.7
23/01/2020,1565.4
24/01/2020,1571.9
27/01/2020,1577.4
28/01/2020,1569.8
29/01/2020,1570.4
30/01/2020,1583.5
31/01/2020,1582.9
03/02/2020,1577.2
04/02/2020,1550.4
05/02/2020,1557.8
06/02/2020,1565.1
07/02/2020,1568.6
10/02/2020,1574.7
11/02/2020,1565.6
12/02/2020,1567.4
13/02/2020,1575.1
14/02/2020,1582.7
18/02/2020,1600
19/02/2020,1607.5
20/02/2020,1616.6
21/02/2020,1644.6
24/02/2020,1672.4
25/02/2020,1646.9
26/02/2020,1640
27/02/2020,1642.5
28/02/2020,1566.7
02/03/2020,1594.8
03/03/2020,1644.4
04/03/2020,1643
05/03/2020,1668
06/03/2020,1672.4
09/03/2020,1675.7
10/03/2020,1660.3
11/03/2020,1642.3
12/03/2020,1590.3
13/03/2020,1516.7
16/03/2020,1486.5
17/03/2020,1525.8
18/03/2020,1477.9
19/03/2020,1479.3
20/03/2020,1484.6
23/03/2020,1567.6
24/03/2020,1660.8
25/03/2020,1633.4
26/03/2020,1651.2
27/03/2020,1625
30/03/2020,1622
31/03/2020,1583.4
01/04/2020,1578.2
02/04/2020,1625.7
03/04/2020,1633.7
06/04/2020,1677
07/04/2020,1664.8
08/04/2020,1665.4
09/04/2020,1736.2
13/04/2020,1744.8
14/04/2020,1756.7
15/04/2020,1727.2
16/04/2020,1720.4
17/04/2020,1689.2
20/04/2020,1701.6
21/04/2020,1678.2
22/04/2020,1728.7
23/04/2020,1733.3
24/04/2020,1723.5
27/04/2020,1711.9
28/04/2020,1710.5
29/04/2020,1713.4
30/04/2020,1694.2
01/05/2020,1700.9
04/05/2020,1713.3
05/05/2020,1710.6
06/05/2020,1688.5
07/05/2020,1725.8
08/05/2020,1713.9
11/05/2020,1698
12/05/2020,1706.8
13/05/2020,1716.4
14/05/2020,1740.9
15/05/2020,1756.3
18/05/2020,1734.4
19/05/2020,1745.6
20/05/2020,1752.1
21/05/2020,1721.9
22/05/2020,1735.5
26/05/2020,1705.6
27/05/2020,1710.7
28/05/2020,1713.3
29/05/2020,1736.9
01/06/2020,1737.8
02/06/2020,1725.2
03/06/2020,1697.8
04/06/2020,1718.9
05/06/2020,1676.2
08/06/2020,1698.3
09/06/2020,1714.7
10/06/2020,1713.3
11/06/2020,1732
12/06/2020,1729.3
15/06/2020,1720.3
16/06/2020,1729.6
17/06/2020,1729.2
18/06/2020,1724.8
19/06/2020,1745.9
22/06/2020,1756.7
23/06/2020,1772.1
24/06/2020,1765.8
25/06/2020,1762.1
26/06/2020,1772.5
29/06/2020,1781.2
30/06/2020,1800.5
01/07/2020,1779.9
02/07/2020,1790
06/07/2020,1793.5
07/07/2020,1809.9
08/07/2020,1820.6
09/07/2020,1803.8
10/07/2020,1801.9
13/07/2020,1814.1
14/07/2020,1813.4
15/07/2020,1813.8
16/07/2020,1800.3
17/07/2020,1810
20/07/2020,1817.4
21/07/2020,1843.9
22/07/2020,1865.1
23/07/2020,1890
24/07/2020,1897.5
27/07/2020,1931
28/07/2020,1944.6
29/07/2020,1953.4
30/07/2020,1942.3
31/07/2020,1962.8
03/08/2020,1966
04/08/2020,2001.2
05/08/2020,2031.1
06/08/2020,2051.5
07/08/2020,2010.1
10/08/2020,2024.4
11/08/2020,1932.6
12/08/2020,1934.9
13/08/2020,1956.7
14/08/2020,1937
17/08/2020,1985
18/08/2020,1999.4
19/08/2020,1958.7
20/08/2020,1933.8
21/08/2020,1934.6
24/08/2020,1927.7
25/08/2020,1911.8
26/08/2020,1940.7
27/08/2020,1921.6
28/08/2020,1966.8
31/08/2020,1970.5
01/09/2020,1970.8
02/09/2020,1936.9
03/09/2020,1930.2
04/09/2020,1926.2
08/09/2020,1935.1
09/09/2020,1946.8
10/09/2020,1956
11/09/2020,1939.5
14/09/2020,1954.7
15/09/2020,1958
16/09/2020,1962
17/09/2020,1941.3
18/09/2020,1953.2
21/09/2020,1902.1
22/09/2020,1899.3
23/09/2020,1860.5
24/09/2020,1868.9
25/09/2020,1857.8
28/09/2020,1872.8
29/09/2020,1894.3
30/09/2020,1887.5
01/10/2020,1908.4
02/10/2020,1900.2
05/10/2020,1912.5
06/10/2020,1901.1
07/10/2020,1883.6
08/10/2020,1888.6
09/10/2020,1919.5
12/10/2020,1922.5
13/10/2020,1888.5
14/10/2020,1901.3
15/10/2020,1903.2
16/10/2020,1900.8
19/10/2020,1906.4
20/10/2020,1910.4
21/10/2020,1924.6
22/10/2020,1901.1
23/10/2020,1902
26/10/2020,1902.7
27/10/2020,1908.8
28/10/2020,1876.2
29/10/2020,1868
30/10/2020,1879.9
02/11/2020,1892.5
03/11/2020,1910.4
04/11/2020,1896.2
05/11/2020,1946.8
06/11/2020,1951.7
09/11/2020,1854.4
10/11/2020,1876.4
11/11/2020,1861.6
12/11/2020,1873.3
13/11/2020,1886.2
16/11/2020,1887.8
17/11/2020,1885.1
18/11/2020,1873.9
19/11/2020,1861.5
20/11/2020,1872.4
23/11/2020,1837.8
24/11/2020,1804.6
25/11/2020,1805.5
27/11/2020,1781.9
30/11/2020,1775.7
01/12/2020,1814.1
02/12/2020,1825.7
03/12/2020,1836.8
04/12/2020,1835.9
07/12/2020,1861.8
08/12/2020,1870.8
09/12/2020,1834.6
10/12/2020,1833.6
11/12/2020,1839.8
14/12/2020,1828.7
15/12/2020,1852.3
16/12/2020,1856.1
17/12/2020,1887.2
18/12/2020,1885.7
21/12/2020,1879.2
22/12/2020,1866.6
23/12/2020,1874.7
24/12/2020,1879.9
28/12/2020,1877.2
29/12/2020,1879.7
30/12/2020,1893.4
31/12/2020,1895.1
04/01/2021,1946.6
05/01/2021,1954.4
06/01/2021,1908.6
07/01/2021,1913.6
08/01/2021,1835.4
11/01/2021,1850.8
12/01/2021,1844.2
13/01/2021,1854.9
14/01/2021,1851.4
15/01/2021,1829.9
19/01/2021,1840.2
20/01/2021,1866.5
21/01/2021,1865.9
22/01/2021,1856.2
25/01/2021,1855.2
26/01/2021,1850.9
27/01/2021,1844.9
28/01/2021,1837.9
29/01/2021,1847.3
01/02/2021,1860.8
02/02/2021,1830.5
03/02/2021,1832.2
04/02/2021,1788.9
05/02/2021,1810.9
08/02/2021,1831.9
09/02/2021,1835.3
10/02/2021,1840.6
11/02/2021,1824.9
12/02/2021,1821.6
16/02/2021,1797.2
17/02/2021,1771.1
18/02/2021,1773.4
19/02/2021,1775.8
22/02/2021,1806.7
23/02/2021,1804.4
24/02/2021,1796.4
25/02/2021,1775.4
26/02/2021,1728.8
01/03/2021,1723
02/03/2021,1733.6
03/03/2021,1715.8
04/03/2021,1700.7
05/03/2021,1698.5
08/03/2021,1678
09/03/2021,1716.9
10/03/2021,1721.8
11/03/2021,1722.6
12/03/2021,1719.8
15/03/2021,1729.2
16/03/2021,1730.9
17/03/2021,1727.1
18/03/2021,1732.5
19/03/2021,1741.7
22/03/2021,1738.1
23/03/2021,1725.1
24/03/2021,1733.2
25/03/2021,1725.1
26/03/2021,1732.3
29/03/2021,1712.2
30/03/2021,1683.9
31/03/2021,1713.8
01/04/2021,1726.5
02/04/2021,1726.5
05/04/2021,1727
06/04/2021,1741.5
07/04/2021,1740.1
08/04/2021,1756.8
09/04/2021,1743.3
12/04/2021,1731.2
13/04/2021,1746.2
14/04/2021,1734.9
15/04/2021,1765.4
16/04/2021,1779
19/04/2021,1769.4
20/04/2021,1777.3
21/04/2021,1792.3
22/04/2021,1781.2
23/04/2021,1777
26/04/2021,1779.2
27/04/2021,1778
28/04/2021,1773.2
29/04/2021,1768.3
30/04/2021,1767.7
03/05/2021,1791.8
04/05/2021,1776
05/05/2021,1784.3
06/05/2021,1815.7
07/05/2021,1831.3
10/05/2021,1837.6
11/05/2021,1836.1
12/05/2021,1822.8
13/05/2021,1824
14/05/2021,1838.1
17/05/2021,1867.6
18/05/2021,1868
19/05/2021,1881.5
20/05/2021,1881.9
21/05/2021,1876.7
24/05/2021,1884.5
25/05/2021,1898
26/05/2021,1901.2
27/05/2021,1895.7
28/05/2021,1902.5
01/06/2021,1902.9
02/06/2021,1907.5
03/06/2021,1871.2
04/06/2021,1889.8
07/06/2021,1896.8
08/06/2021,1892.2
09/06/2021,1893.2
10/06/2021,1894.2
11/06/2021,1877.4
14/06/2021,1864
15/06/2021,1854.5
16/06/2021,1859.5
17/06/2021,1773.8
18/06/2021,1767.9
21/06/2021,1781.8
22/06/2021,1776.3
23/06/2021,1782.3
24/06/2021,1775.6
25/06/2021,1776.6
28/06/2021,1779.6
29/06/2021,1763.6
30/06/2021,1771.6
01/07/2021,1776.8
02/07/2021,1783.3
06/07/2021,1794.2
07/07/2021,1802.1
08/07/2021,1800.2
09/07/2021,1810.6
12/07/2021,1805.9
13/07/2021,1809.9
14/07/2021,1825
15/07/2021,1829
16/07/2021,1815
19/07/2021,1809.2
20/07/2021,1811.4
21/07/2021,1803.4
22/07/2021,1805.4
23/07/2021,1801.8
26/07/2021,1799.2
27/07/2021,1799.8
28/07/2021,1799.7
29/07/2021,1831.2
30/07/2021,1812.6
02/08/2021,1818.1
03/08/2021,1810.1
04/08/2021,1810.5
05/08/2021,1805.1
06/08/2021,1760
09/08/2021,1723.4
10/08/2021,1728.8
11/08/2021,1750.4
12/08/2021,1749
13/08/2021,1775.2
16/08/2021,1786.9
17/08/2021,1785
18/08/2021,1781.6
19/08/2021,1780.2
20/08/2021,1781
23/08/2021,1803.2
24/08/2021,1805.6
25/08/2021,1788.2
26/08/2021,1792.2
27/08/2021,1816.6
30/08/2021,1809.8
31/08/2021,1815.8
01/09/2021,1813.8
02/09/2021,1809.4
03/09/2021,1831.5
07/09/2021,1796.3
08/09/2021,1791.2
09/09/2021,1797.8
10/09/2021,1789.9
13/09/2021,1792.3
14/09/2021,1805
15/09/2021,1792.6
16/09/2021,1754.6
17/09/2021,1749.4
20/09/2021,1761.8
21/09/2021,1776.1
22/09/2021,1776.7
23/09/2021,1747.7
24/09/2021,1749.7
27/09/2021,1750
28/09/2021,1735.9
29/09/2021,1721.5
30/09/2021,1755.3
01/10/2021,1757
04/10/2021,1766.2
05/10/2021,1759.6
06/10/2021,1760.5
07/10/2021,1757.9
08/10/2021,1756.3
11/10/2021,1754.6
12/10/2021,1758.3
13/10/2021,1793.7
14/10/2021,1796.7
15/10/2021,1767.2
18/10/2021,1764.8
19/10/2021,1769.7
20/10/2021,1784.1
21/10/2021,1781.2
22/10/2021,1795.5
25/10/2021,1806
26/10/2021,1792.7
27/10/2021,1797.9
28/10/2021,1802.6
29/10/2021,1783.9
01/11/2021,1795.8
02/11/2021,1789.4
03/11/2021,1763.9
04/11/2021,1793.5
05/11/2021,1816.8
08/11/2021,1828
09/11/2021,1830.8
10/11/2021,1848.3
11/11/2021,1863.9
12/11/2021,1868.5
15/11/2021,1866.6
16/11/2021,1854.1
17/11/2021,1870.2
18/11/2021,1861.4
19/11/2021,1851.6
22/11/2021,1806.3
23/11/2021,1783.8
24/11/2021,1784.3
26/11/2021,1785.5
29/11/2021,1782.3
30/11/2021,1773.6
01/12/2021,1781.6
02/12/2021,1760.7
03/12/2021,1782
06/12/2021,1777.5
07/12/2021,1782.6
08/12/2021,1783.4
09/12/2021,1774.6
10/12/2021,1782.9
13/12/2021,1786.3
14/12/2021,1770.4
15/12/2021,1762.6
16/12/2021,1796.6
17/12/2021,1803.8
20/12/2021,1793.7
21/12/2021,1787.9
22/12/2021,1801.6
23/12/2021,1811.2
27/12/2021,1808.1
28/12/2021,1810.2
29/12/2021,1805.1
30/12/2021,1814.1
31/12/2021,1828.6
03/01/2022,1800.1
04/01/2022,1814.6
05/01/2022,1825.1
06/01/2022,1789.2
07/01/2022,1797.4
10/01/2022,1798.8
11/01/2022,1818.5
12/01/2022,1827.3
13/01/2022,1821.4
14/01/2022,1816.5
18/01/2022,1812.4
19/01/2022,1843.2
20/01/2022,1842.6
21/01/2022,1831.8
24/01/2022,1841.7
25/01/2022,1852.5
26/01/2022,1829.7
27/01/2022,1793.1
28/01/2022,1784.9
31/01/2022,1795
01/02/2022,1800.3
02/02/2022,1809.2
03/02/2022,1803
04/02/2022,1806.6
07/02/2022,1820.6
08/02/2022,1826.6
09/02/2022,1835.2
10/02/2022,1836.2
11/02/2022,1840.8
14/02/2022,1868
15/02/2022,1854.8
16/02/2022,1870.2
17/02/2022,1900.7
18/02/2022,1898.6
22/02/2022,1906.1
23/02/2022,1909.2
24/02/2022,1925.1
25/02/2022,1887.6
28/02/2022,1900.7
01/03/2022,1943.8
02/03/2022,1922.3
03/03/2022,1935.9
04/03/2022,1966.6
07/03/2022,1995.9
08/03/2022,2043.3
09/03/2022,1988.2
10/03/2022,2000.4
11/03/2022,1985
14/03/2022,1960.8
15/03/2022,1929.7
16/03/2022,1909.2
17/03/2022,1943.2
18/03/2022,1929.3
21/03/2022,1929.5
22/03/2022,1921.5
23/03/2022,1937.3
24/03/2022,1962.2
25/03/2022,1954.2
28/03/2022,1939.8
29/03/2022,1912.2
30/03/2022,1933.5
31/03/2022,1949.2
01/04/2022,1919.1
04/04/2022,1929.2
05/04/2022,1922.9
06/04/2022,1918.4
07/04/2022,1933.8
08/04/2022,1941.6
11/04/2022,1944.3
12/04/2022,1972.1
13/04/2022,1981
14/04/2022,1970.9
18/04/2022,1982.9
19/04/2022,1955.7
20/04/2022,1952.3
21/04/2022,1944.9
22/04/2022,1931
25/04/2022,1893.2
26/04/2022,1901.4
27/04/2022,1885.9
28/04/2022,1891.3
29/04/2022,1911.7
02/05/2022,1863.6
03/05/2022,1870.6
04/05/2022,1868.8
05/05/2022,1875.7
06/05/2022,1882.8
09/05/2022,1858.6
10/05/2022,1841
11/05/2022,1853.7
12/05/2022,1824.6
13/05/2022,1808.2
16/05/2022,1814
17/05/2022,1818.9
18/05/2022,1815.9
19/05/2022,1841.2
20/05/2022,1842.1
23/05/2022,1847.8
24/05/2022,1865.4
25/05/2022,1846.3
26/05/2022,1847.6
27/05/2022,1851.3
31/05/2022,1842.7
01/06/2022,1843.3
02/06/2022,1866.5
03/06/2022,1845.4
06/06/2022,1839.2
07/06/2022,1847.5
08/06/2022,1851.9
09/06/2022,1848.8
10/06/2022,1871.5
13/06/2022,1828
14/06/2022,1809.5
15/06/2022,1815.3
16/06/2022,1845.7
17/06/2022,1835.6
21/06/2022,1834.6
22/06/2022,1834.3
23/06/2022,1825.7
24/06/2022,1826.5
27/06/2022,1820.9
28/06/2022,1817.5
29/06/2022,1817.5
30/06/2022,1807.3
01/07/2022,1801.5
05/07/2022,1763.9
06/07/2022,1736.5
07/07/2022,1739.7
08/07/2022,1742.3
11/07/2022,1731.7
12/07/2022,1724.8
13/07/2022,1735.5
14/07/2022,1705.8
15/07/2022,1703.6
18/07/2022,1710.2
19/07/2022,1710.7
20/07/2022,1700.2
21/07/2022,1713.4
22/07/2022,1727.4
25/07/2022,1719.1
26/07/2022,1717.7
27/07/2022,1719.1
28/07/2022,1750.3
29/07/2022,1762.9
01/08/2022,1769
02/08/2022,1771.1
03/08/2022,1758
04/08/2022,1788.5
05/08/2022,1772.9
08/08/2022,1786.8
09/08/2022,1794
10/08/2022,1795.6
11/08/2022,1789.7
12/08/2022,1798.6
15/08/2022,1781.4
16/08/2022,1773.2
17/08/2022,1760.3
18/08/2022,1755.3
19/08/2022,1747.6
22/08/2022,1734
23/08/2022,1746.8
24/08/2022,1747.8
25/08/2022,1757.7
26/08/2022,1736.1
29/08/2022,1736.6
30/08/2022,1726.9
31/08/2022,1716.9
01/09/2022,1699.6
02/09/2022,1713
06/09/2022,1703.4
07/09/2022,1718.2
08/09/2022,1710.6
09/09/2022,1718.8
12/09/2022,1730.8
13/09/2022,1707.1
14/09/2022,1698.2
15/09/2022,1666.8
16/09/2022,1672.8
19/09/2022,1667.6
20/09/2022,1661
21/09/2022,1665.8
22/09/2022,1671.4
23/09/2022,1645.3
26/09/2022,1623.6
27/09/2022,1626.5
28/09/2022,1660.3
29/09/2022,1658.5
30/09/2022,1662.4
03/10/2022,1692.9
04/10/2022,1721.1
05/10/2022,1711.4
06/10/2022,1711.7
07/10/2022,1700.5
10/10/2022,1667.3
11/10/2022,1678.7
12/10/2022,1670.3
13/10/2022,1670
14/10/2022,1641.7
17/10/2022,1657
18/10/2022,1649
19/10/2022,1627.5
20/10/2022,1630.8
21/10/2022,1651
24/10/2022,1648.7
25/10/2022,1652.8
26/10/2022,1664
27/10/2022,1660.7
28/10/2022,1644.8
31/10/2022,1640.7
01/11/2022,1649.7
02/11/2022,1650
03/11/2022,1630.9
04/11/2022,1676.6
07/11/2022,1680.5
08/11/2022,1716
09/11/2022,1713.7
10/11/2022,1753.7
11/11/2022,1769.4
14/11/2022,1776.9
15/11/2022,1776.8
16/11/2022,1775.8
17/11/2022,1763
18/11/2022,1754.4
21/11/2022,1739.6
22/11/2022,1739.9
23/11/2022,1745.6
25/11/2022,1754
28/11/2022,1740.3
29/11/2022,1748.4
30/11/2022,1746
01/12/2022,1801.1
02/12/2022,1795.9
05/12/2022,1767.4
06/12/2022,1769.3
07/12/2022,1785.5
08/12/2022,1788.7
09/12/2022,1798.1
12/12/2022,1780.5
13/12/2022,1813.9
14/12/2022,1807.5
15/12/2022,1777.2
16/12/2022,1790
19/12/2022,1787.7
20/12/2022,1815.9
21/12/2022,1815.9
22/12/2022,1787
23/12/2022,1795.9
27/12/2022,1814.8
28/12/2022,1807.9
29/12/2022,1826
30/12/2022,1826.2
03/01/2023,1846.1
04/01/2023,1859
05/01/2023,1840.6
06/01/2023,1869.7
09/01/2023,1877.8
10/01/2023,1876.5
11/01/2023,1878.9
12/01/2023,1898.8
13/01/2023,1921.7
17/01/2023,1909.9
18/01/2023,1907
19/01/2023,1923.9
20/01/2023,1928.2
23/01/2023,1928.6
24/01/2023,1935.4
25/01/2023,1942.6
26/01/2023,1930
27/01/2023,1929.4
30/01/2023,1922.9
31/01/2023,1929.5
01/02/2023,1927.8
02/02/2023,1916.3
03/02/2023,1862.9
06/02/2023,1866.2
07/02/2023,1871.7
08/02/2023,1877.4
09/02/2023,1866.2
10/02/2023,1862.8
13/02/2023,1851.9
14/02/2023,1854
15/02/2023,1834.2
16/02/2023,1842
17/02/2023,1840.4
21/02/2023,1833
22/02/2023,1832
23/02/2023,1818
24/02/2023,1808.8
27/02/2023,1824.9
28/02/2023,1836.7
01/03/2023,1845.4
02/03/2023,1840.5
03/03/2023,1854.6
06/03/2023,1854.6
07/03/2023,1820
08/03/2023,1818.6
09/03/2023,1834.6
10/03/2023,1867.2
13/03/2023,1916.5
14/03/2023,1910.9
15/03/2023,1931.3
16/03/2023,1923
17/03/2023,1973.5
20/03/2023,1982.8
21/03/2023,1941.1
22/03/2023,1949.6
23/03/2023,1995.9
24/03/2023,1983.8
27/03/2023,1953.8
28/03/2023,1973.5
29/03/2023,1966.9
30/03/2023,1980.3
31/03/2023,1969
03/04/2023,1983.9
04/04/2023,2022.2
05/04/2023,2020.9
06/04/2023,2011.9
07/04/2023,2011.9
10/04/2023,1989.1
11/04/2023,2004.8
12/04/2023,2010.9
13/04/2023,2041.3
14/04/2023,2002.2
17/04/2023,1994.2
18/04/2023,2007.4
19/04/2023,1995.2
20/04/2023,2007.6
21/04/2023,1979.5
24/04/2023,1989.1
25/04/2023,1994
26/04/2023,1985.7
27/04/2023,1999
28/04/2023,1999.1
01/05/2023,1992.2
02/05/2023,2023.3
03/05/2023,2037
04/05/2023,2055.7
05/05/2023,2024.8
08/05/2023,2033.2
09/05/2023,2042.9
10/05/2023,2037.1
11/05/2023,2020.5
12/05/2023,2019.8
15/05/2023,2022.7
16/05/2023,1993
17/05/2023,1984.9
18/05/2023,1959.8
19/05/2023,1981.6
22/05/2023,1977.2
23/05/2023,1974.5
24/05/2023,1964.6
25/05/2023,1943.7
26/05/2023,1944.3
30/05/2023,1958
31/05/2023,1963.9
01/06/2023,1978
02/06/2023,1952.4
05/06/2023,1958
06/06/2023,1965.5
07/06/2023,1942.7
08/06/2023,1963.6
09/06/2023,1962.2
12/06/2023,1955.3
13/06/2023,1944.6
14/06/2023,1955.3
15/06/2023,1957.8
16/06/2023,1958.4
20/06/2023,1935.5
21/06/2023,1933.3
22/06/2023,1912.7
23/06/2023,1919.1
26/06/2023,1923.7
27/06/2023,1914
28/06/2023,1912.3
29/06/2023,1917.9
30/06/2023,1929.4
03/07/2023,1929.5
05/07/2023,1927.1
06/07/2023,1915.4
07/07/2023,1932.5
10/07/2023,1931
11/07/2023,1937.1
12/07/2023,1961.7
13/07/2023,1963.8
14/07/2023,1964.4
17/07/2023,1956.4
18/07/2023,1980.8
19/07/2023,1980.8
20/07/2023,1970.9
21/07/2023,1966.6
24/07/2023,1962.2
25/07/2023,1963.7
26/07/2023,1970.1
27/07/2023,1945.7
28/07/2023,1960.4
31/07/2023,1970.5
01/08/2023,1940.7
02/08/2023,1937.4
03/08/2023,1932
04/08/2023,1939.6
07/08/2023,1933.5
08/08/2023,1924.1
09/08/2023,1915.4
10/08/2023,1914.4
11/08/2023,1912.9
14/08/2023,1910.6
15/08/2023,1902.5
16/08/2023,1896.1
17/08/2023,1884.1
18/08/2023,1886.1
21/08/2023,1893.3
22/08/2023,1896.4
23/08/2023,1918.5
24/08/2023,1918.2
25/08/2023,1911.1
28/08/2023,1917.9
29/08/2023,1936.5
30/08/2023,1954
31/08/2023,1947
01/09/2023,1948.4
05/09/2023,1934.3
06/09/2023,1925.8
07/09/2023,1924.1
08/09/2023,1924.6
11/09/2023,1929.2
12/09/2023,1917.2
13/09/2023,1914.4
14/09/2023,1914.4
15/09/2023,1927.9
18/09/2023,1935.2
19/09/2023,1935.3
20/09/2023,1948.6
21/09/2023,1921.2
22/09/2023,1927.2
25/09/2023,1918.2
26/09/2023,1901.6
27/09/2023,1872.3
28/09/2023,1860.4
29/09/2023,1848.1
02/10/2023,1830
03/10/2023,1824.6
04/10/2023,1818.5
05/10/2023,1816.6
06/10/2023,1830.2
09/10/2023,1849.5
10/10/2023,1861
11/10/2023,1872.8
12/10/2023,1869.3
13/10/2023,1927.4
16/10/2023,1921.1
17/10/2023,1922.7
18/10/2023,1955.3
19/10/2023,1968.4
20/10/2023,1982.5
23/10/2023,1976.3
24/10/2023,1975
25/10/2023,1984.1
26/10/2023,1987.2
27/10/2023,1988.6
30/10/2023,2005.6
31/10/2023,1994.3
01/11/2023,1987.5
02/11/2023,1993.5
03/11/2023,1999.2
06/11/2023,1988.6
07/11/2023,1973.5
08/11/2023,1957.8
09/11/2023,1969.8
10/11/2023,1937.7
13/11/2023,1950.2
14/11/2023,1966.5
15/11/2023,1964.3
16/11/2023,1987.3
17/11/2023,1984.7
20/11/2023,1980.3
21/11/2023,2001.6
22/11/2023,1992.8
24/11/2023,2003
27/11/2023,2012.4
28/11/2023,2040
29/11/2023,2047.1
30/11/2023,2038.1
01/12/2023,2071
04/12/2023,2024.1
05/12/2023,2018.5
06/12/2023,2030.5
07/12/2023,2029.9
08/12/2023,1998.3
11/12/2023,1978
12/12/2023,1977.8
13/12/2023,1982.3
14/12/2023,2030.2
15/12/2023,2021.1
18/12/2023,2026.3
19/12/2023,2038.4
20/12/2023,2034.5
21/12/2023,2039.1
22/12/2023,2057.1
26/12/2023,2058.2
27/12/2023,2081.9
28/12/2023,2083.5
29/12/2023,2071.8
02/01/2024,2073.4
03/01/2024,2042.8
04/01/2024,2050
05/01/2024,2049.8
08/01/2024,2033.5
09/01/2024,2033
10/01/2024,2027.8
11/01/2024,2019.2
12/01/2024,2051.6
16/01/2024,2030.2
17/01/2024,2006.5
18/01/2024,2021.6
19/01/2024,2029.3
22/01/2024,2022.2
23/01/2024,2025.8
24/01/2024,2016
25/01/2024,2017.8
26/01/2024,2017.3
29/01/2024,2025.4
30/01/2024,2031.5
31/01/2024,2048.4
01/02/2024,2053
02/02/2024,2036.1
05/02/2024,2025.7
06/02/2024,2034.5
07/02/2024,2035.2
08/02/2024,2032.2
09/02/2024,2023.3
12/02/2024,2018.2
13/02/2024,1992.9
14/02/2024,1990.3
15/02/2024,2002.1
16/02/2024,2011.5
20/02/2024,2027.5
21/02/2024,2022.3
22/02/2024,2019.7
23/02/2024,2038.6
26/02/2024,2028.5
27/02/2024,2034
28/02/2024,2042.7
29/02/2024,2054.7
01/03/2024,2095.7
04/03/2024,2126.3
05/03/2024,2141.9
06/03/2024,2158.2
07/03/2024,2165.2
08/03/2024,2185.5
11/03/2024,2188.6
12/03/2024,2166.1
13/03/2024,2180.8
14/03/2024,2167.5
15/03/2024,2161.5
18/03/2024,2164.3
19/03/2024,2159.7
20/03/2024,2161
21/03/2024,2184.7
22/03/2024,2160
25/03/2024,2176.4
26/03/2024,2177.2
27/03/2024,2190.6
28/03/2024,2217.4
01/04/2024,2236.5
02/04/2024,2261
03/04/2024,2294.4
04/04/2024,2288.8
05/04/2024,2325.7
08/04/2024,2331.7
09/04/2024,2343.5
10/04/2024,2329.6
11/04/2024,2354.8
12/04/2024,2356.2
15/04/2024,2365.8
16/04/2024,2390.8
17/04/2024,2371.7
18/04/2024,2382.3
19/04/2024,2398.4
22/04/2024,2332.2
23/04/2024,2327.7
24/04/2024,2324.5
25/04/2024,2329.8
26/04/2024,2334.8
29/04/2024,2357.7
30/04/2024,2302.9
01/05/2024,2311
02/05/2024,2309.6
03/05/2024,2308.6
06/05/2024,2331.2
07/05/2024,2324.2
08/05/2024,2322.3
09/05/2024,2340.3
10/05/2024,2375
13/05/2024,2343
14/05/2024,2359.9
15/05/2024,2394.9
16/05/2024,2385.5
17/05/2024,2417.4
20/05/2024,2438.5
21/05/2024,2425.9
22/05/2024,2392.9
23/05/2024,2337.2
24/05/2024,2334.5
28/05/2024,2356.5
29/05/2024,2341.2
30/05/2024,2342.9
31/05/2024,2322.9
03/06/2024,2346.6
04/06/2024,2325.5
05/06/2024,2354.1
06/06/2024,2370.3
07/06/2024,2305.2
10/06/2024,2307.7
11/06/2024,2307.5
12/06/2024,2336
13/06/2024,2300.2
14/06/2024,2331.4
17/06/2024,2312.4
18/06/2024,2330.4
20/06/2024,2353.8
21/06/2024,2316.4
24/06/2024,2330
25/06/2024,2316.6
26/06/2024,2299.2
27/06/2024,2336.6
28/06/2024,2339.6
01/07/2024,2338.9
02/07/2024,2333.4
03/07/2024,2369.4
05/07/2024,2397.7
08/07/2024,2363.5
09/07/2024,2367.9
10/07/2024,2379.7
11/07/2024,2421.9
12/07/2024,2420.7
15/07/2024,2428.9
16/07/2024,2467.8
17/07/2024,2459.9
18/07/2024,2456.4
19/07/2024,2399.1
22/07/2024,2394.7
23/07/2024,2407.3
24/07/2024,2415.7
25/07/2024,2353.5
26/07/2024,2381
29/07/2024,2377.8
30/07/2024,2405
31/07/2024,2426.5
01/08/2024,2435
02/08/2024,2425.7
05/08/2024,2401.7
06/08/2024,2389.1
07/08/2024,2390.5
08/08/2024,2422.2
09/08/2024,2432.1
12/08/2024,2462.4
13/08/2024,2466.7
14/08/2024,2439.4
15/08/2024,2453.1
16/08/2024,2498.6
19/08/2024,2501.8
20/08/2024,2511.3
21/08/2024,2508.4
22/08/2024,2478.9
23/08/2024,2508.4
26/08/2024,2517.7
27/08/2024,2516
28/08/2024,2501
29/08/2024,2536.7
30/08/2024,2504.5
03/09/2024,2499.7
04/09/2024,2502.7
05/09/2024,2519.7
06/09/2024,2501.5
09/09/2024,2509.3
10/09/2024,2519.5
11/09/2024,2519
12/09/2024,2557.1
13/09/2024,2586.8
16/09/2024,2585.2
17/09/2024,2568.9
18/09/2024,2574.9
19/09/2024,2590.9
20/09/2024,2622.4
23/09/2024,2628.6
24/09/2024,2653
25/09/2024,2660.7
26/09/2024,2670.4
27/09/2024,2644.3
30/09/2024,2636.1
01/10/2024,2667.3
02/10/2024,2647.1
03/10/2024,2657.1
04/10/2024,2645.8
07/10/2024,2644.8
08/10/2024,2615
09/10/2024,2606
10/10/2024,2620.6
11/10/2024,2657.6
14/10/2024,2647.8
15/10/2024,2661.4
16/10/2024,2674
17/10/2024,2691
18/10/2024,2713.7
21/10/2024,2723.1
22/10/2024,2744.2
23/10/2024,2714.4
24/10/2024,2734.9
25/10/2024,2740.9
28/10/2024,2742.9
29/10/2024,2768.4
30/10/2024,2800.8
31/10/2024,2749.3
01/11/2024,2749.2
04/11/2024,2746.2
05/11/2024,2749.7
06/11/2024,2676.3
07/11/2024,2705.8
08/11/2024,2694.8
11/11/2024,2617.7
12/11/2024,2606.3
13/11/2024,2586.5
14/11/2024,2572.9
15/11/2024,2570.1
18/11/2024,2614.6
19/11/2024,2631
20/11/2024,2651.7
21/11/2024,2674.9
22/11/2024,2712.2
25/11/2024,2618.5
26/11/2024,2621.3
27/11/2024,2639.9
29/11/2024,2657
02/12/2024,2634.9
03/12/2024,2644.7
04/12/2024,2653.8
05/12/2024,2626.6
06/12/2024,2638.6
09/12/2024,2664.9
10/12/2024,2697.6
11/12/2024,2733.8
12/12/2024,2687.5
13/12/2024,2656
16/12/2024,2651.4
17/12/2024,2644.4
18/12/2024,2636.5
19/12/2024,2592.2
20/12/2024,2628.7
23/12/2024,2612.3
24/12/2024,2620
26/12/2024,2638.8
27/12/2024,2617.2
30/12/2024,2618.1
31/12/2024,2641
02/01/2025,2669
03/01/2025,2654.7
06/01/2025,2647.4
07/01/2025,2665.4
08/01/2025,2672.4
09/01/2025,2690.8
10/01/2025,2715
13/01/2025,2678.6
14/01/2025,2682.3
15/01/2025,2717.8
16/01/2025,2750.9
17/01/2025,2748.7
21/01/2025,2759.2
22/01/2025,2770.9
23/01/2025,2765
24/01/2025,2778.9
27/01/2025,2738.4
28/01/2025,2767.5
29/01/2025,2769.8
30/01/2025,2823
31/01/2025,2812.5
03/02/2025,2833.9
04/02/2025,2853.3
05/02/2025,2871.6
06/02/2025,2856
07/02/2025,2867.3
10/02/2025,2914.3
11/02/2025,2912.5
12/02/2025,2909
13/02/2025,2925.9
14/02/2025,2883.6
18/02/2025,2931.6
19/02/2025,2919.4
20/02/2025,2940
21/02/2025,2937.6
24/02/2025,2947.9
25/02/2025,2904.5
26/02/2025,2916.8
27/02/2025,2895.9
28/02/2025,2848.5
03/03/2025,2901.1
04/03/2025,2920.6
05/03/2025,2926
06/03/2025,2926.6
07/03/2025,2914.1
10/03/2025,2899.4
11/03/2025,2920.9
12/03/2025,2946.8
13/03/2025,2991.3
14/03/2025,3001.1
17/03/2025,3006.1
18/03/2025,3040.8
19/03/2025,3041.2
20/03/2025,3043.8
21/03/2025,3021.4
24/03/2025,3015.6
25/03/2025,3025.9
26/03/2025,3022.5
27/03/2025,3061
28/03/2025,3086.5
31/03/2025,3122.8
01/04/2025,3118.9
02/04/2025,3139.9
03/04/2025,3097
04/04/2025,3012
07/04/2025,2951.3
08/04/2025,2968.4
09/04/2025,3056.5
10/04/2025,3155.2
11/04/2025,3222.2
14/04/2025,3204.8
15/04/2025,3218.7
16/04/2025,3326.6
17/04/2025,3308.7
21/04/2025,3406.2
22/04/2025,3400.8
23/04/2025,3276.3
24/04/2025,3332
25/04/2025,3282.4
28/04/2025,3332.5
29/04/2025,3333.6
30/04/2025,3319.1
01/05/2025,3222.2
02/05/2025,3243.3
05/05/2025,3322.3
06/05/2025,3422.8
07/05/2025,3391.9
08/05/2025,3306
09/05/2025,3344
12/05/2025,3228
13/05/2025,3247.8
14/05/2025,3188.3
15/05/2025,3226.6
16/05/2025,3187.2
19/05/2025,3233.5
20/05/2025,3284.6
21/05/2025,3313.5
22/05/2025,3295
23/05/2025,3365.8
27/05/2025,3300.4
28/05/2025,3294.9
29/05/2025,3317.1
30/05/2025,3288.9
02/06/2025,3370.6
03/06/2025,3350.2
04/06/2025,3373.5
05/06/2025,3350.7
06/06/2025,3322.7
09/06/2025,3332.1
10/06/2025,3320.9
11/06/2025,3321.3
12/06/2025,3380.9
13/06/2025,3431.2
16/06/2025,3396.4
17/06/2025,3386.6
18/06/2025,3389.8
20/06/2025,3368.1
23/06/2025,3377.7
24/06/2025,3317.4
25/06/2025,3327.1
26/06/2025,3333.5
27/06/2025,3287.6
30/06/2025,3295
